State,Month,Year,"No. of Wells
Analysed",0-2,2-5,5-10,10-20,20-40,40
Andhra Pradesh,May,2009,670,9.25,27.46,45.82,16.72,0.75,0.00
Arunachal Pradesh,May,2009,9,11.11,44.44,44.44,0.00,0.00,0.00
Assam,May,2009,204,13.24,63.24,22.06,1.47,0.00,0.00
Bihar,May,2009,220,1.82,42.27,54.09,1.82,0.00,0.00
Chandigarh,May,2009,20,0.00,15.00,25.00,40.00,10.00,10.00
Chhattisgarh,May,2009,380,1.32,18.16,61.05,18.95,0.53,0.00
Dadar-Nagar-Haveli,May,2009,7,0.00,28.57,28.57,42.86,0.00,0.00
Delhi,May,2009,201,2.99,20.90,26.87,24.38,14.43,10.45
Gujarat,May,2009,737,2.71,15.88,38.53,32.56,9.09,1.22
Haryana,May,2009,316,3.80,25.00,25.95,31.33,13.61,0.32
Himachal Pradesh,May,2009,83,3.61,36.14,25.30,25.30,8.43,1.20
Jammu & Kashmir,May,2009,136,8.09,44.12,30.88,10.29,6.62,0.00
Jharkhand,May,2009,168,2.98,16.67,66.07,14.29,0.00,0.00
Karnataka,May,2009,879,4.21,25.82,42.21,27.42,0.34,0.00
Kerala,May,2009,623,9.15,27.93,44.30,16.37,2.09,0.16
Madhya Pradesh,May,2009,868,0.23,6.22,45.28,43.55,4.61,0.12
Maharashtra,May,2009,756,3.97,19.18,53.17,21.96,1.59,0.13
Meghalaya,May,2009,27,22.22,62.96,14.81,0.00,0.00,0.00
Odisha,May,2009,839,6.67,36.23,52.44,4.65,0.00,0.00
Pondicherry,May,2009,6,16.67,83.33,0.00,0.00,0.00,0.00
Punjab,May,2009,222,4.05,14.41,25.23,40.99,14.86,0.45
Rajasthan,May,2009,845,1.78,5.92,18.58,32.43,22.84,18.46
Tamil Nadu,May,2009,701,6.13,33.81,37.80,17.12,3.42,1.71
Tripura,May,2009,24,4.17,70.83,25.00,0.00,0.00,0.00
Uttar Pradesh,May,2009,929,0.75,32.83,42.73,19.05,4.63,0.00
Uttaranchal,May,2009,53,5.66,33.96,28.30,26.42,5.66,0.00
West Bengal,May,2009,591,6.43,32.99,45.18,15.23,0.17,0.00
Andhra Pradesh,August,2009,693,16.31,31.17,35.64,15.87,1.01,0.00
Arunachal Pradesh,August,2009,9,44.44,55.56,0.00,0.00,0.00,0.00
Assam,August,2009,205,74.63,18.54,5.37,1.46,0.00,0.00
Bihar,August,2009,247,30.36,48.99,19.43,1.21,0.00,0.00
Chandigarh,August,2009,24,0.00,12.50,25.00,29.17,20.83,12.50
Chhattisgarh,August,2009,404,51.73,25.50,19.06,3.47,0.25,0.00
Dadar-Nagar-Haveli,August,2009,8,100.00,0.00,0.00,0.00,0.00,0.00
Delhi,August,2009,198,4.55,20.71,23.23,25.76,15.15,10.61
Gujarat,August,2009,737,19.27,29.58,28.49,16.55,5.56,0.54
Haryana,August,2009,326,5.21,22.39,26.38,26.99,17.48,1.53
Himachal Pradesh,August,2009,82,24.39,28.05,19.51,18.29,8.54,1.22
Jammu & Kashmir,August,2009,137,30.66,43.07,13.14,7.30,5.84,0.00
Jharkhand,August,2009,165,18.79,35.76,38.79,6.67,0.00,0.00
Karnataka,August,2009,880,19.66,34.89,28.86,16.14,0.45,0.00
Kerala,August,2009,719,26.98,32.41,31.02,7.79,1.53,0.28
Madhya Pradesh,August,2009,755,14.17,30.46,40.93,13.38,1.06,0.00
Maharashtra,August,2009,872,30.96,29.47,27.41,10.67,1.49,0.00
Meghalaya,August,2009,30,66.67,26.67,6.67,0.00,0.00,0.00
Odisha,August,2009,816,68.38,26.35,5.02,0.25,0.00,0.00
Pondicherry,August,2009,7,0.00,85.71,14.29,0.00,0.00,0.00
Punjab,August,2009,206,7.28,13.59,23.30,37.86,17.96,0.00
Rajasthan,August,2009,884,7.58,10.41,16.63,26.24,21.49,17.65
Tamil Nadu,August,2009,717,5.16,27.34,39.75,22.32,3.77,1.67
Tripura,August,2009,29,51.72,44.83,3.45,0.00,0.00,0.00
Uttar Pradesh,August,2009,865,18.84,31.33,29.36,16.18,4.28,0.00
Uttaranchal,August,2009,54,18.52,25.93,35.19,14.81,5.56,0.00
West Bengal,August,2009,582,33.33,44.16,14.95,7.39,0.17,0.00
Andhra Pradesh,November,2009,667,23.39,32.83,33.58,9.90,0.30,0.00
Arunachal Pradesh,November,2009,12,16.67,66.67,16.67,0.00,0.00,0.00
Assam,November,2009,259,37.84,51.74,9.65,0.77,0.00,0.00
Bihar,November,2009,243,18.93,63.37,16.46,1.23,0.00,0.00
Chandigarh,November,2009,21,0.00,14.29,23.81,28.57,14.29,19.05
Chhattisgarh,November,2009,375,20.27,48.27,27.73,3.47,0.27,0.00
Dadar-Nagar-Haveli,November,2009,8,0.00,100.00,0.00,0.00,0.00,0.00
Delhi,November,2009,200,7.50,21.50,23.50,23.00,13.50,11.00
Gujarat,November,2009,743,8.48,27.59,36.61,19.25,7.81,0.27
Haryana,November,2009,316,10.44,19.94,24.37,31.01,14.24,0.00
Himachal Pradesh,November,2009,77,14.29,37.66,22.08,20.78,5.19,0.00
Jammu & Kashmir,November,2009,133,15.04,43.61,24.06,10.53,6.77,0.00
Jharkhand,November,2009,167,7.19,51.50,38.32,2.99,0.00,0.00
Karnataka,November,2009,1054,23.06,37.19,23.43,13.28,3.04,0.00
Kerala,November,2009,711,24.05,32.91,33.19,8.44,1.27,0.14
Madhya Pradesh,November,2009,771,8.04,33.20,45.14,12.58,1.04,0.00
Maharashtra,November,2009,1031,22.31,36.08,31.13,8.83,1.45,0.19
Meghalaya,November,2009,28,35.71,57.14,7.14,0.00,0.00,0.00
Odisha,November,2009,792,40.78,45.45,13.38,0.38,0.00,0.00
Pondicherry,November,2009,7,14.29,71.43,14.29,0.00,0.00,0.00
Punjab,November,2009,194,5.67,19.07,24.23,35.57,15.46,0.00
Rajasthan,November,2009,830,3.01,10.60,18.92,29.76,20.60,17.11
Tamil Nadu,November,2009,693,15.30,25.40,33.62,21.36,3.46,0.87
Tripura,November,2009,30,20.00,70.00,6.67,3.33,0.00,0.00
Uttar Pradesh,November,2009,831,18.41,35.86,27.08,16.13,2.53,0.00
Uttaranchal,November,2009,50,20.00,32.00,28.00,16.00,4.00,0.00
West Bengal,November,2009,631,22.35,49.29,19.97,8.08,0.32,0.00
Andhra Pradesh,January,2010,678,17.99,34.66,33.19,13.13,1.03,0.00
Arunachal Pradesh,January,2010,8,12.50,75.00,12.50,0.00,0.00,0.00
Assam,January,2010,248,17.74,64.52,14.92,2.82,0.00,0.00
Bihar,January,2010,245,6.12,55.10,35.92,2.86,0.00,0.00
Chandigarh,January,2010,22,0.00,18.18,27.27,31.82,13.64,9.09
Chhattisgarh,January,2010,382,6.54,42.15,44.50,6.54,0.26,0.00
Dadar-Nagar-Haveli,January,2010,7,14.29,57.14,28.57,0.00,0.00,0.00
Delhi,January,2010,204,5.39,22.55,23.53,23.53,13.73,11.27
Gujarat,January,2010,753,3.05,22.31,36.12,27.76,9.69,1.06
Haryana,January,2010,280,10.36,20.36,25.00,30.71,13.21,0.36
Himachal Pradesh,January,2010,79,12.66,35.44,25.32,21.52,5.06,0.00
Jammu & Kashmir,January,2010,130,8.46,46.92,24.62,12.31,7.69,0.00
Jharkhand,January,2010,175,3.43,34.86,56.57,5.14,0.00,0.00
Karnataka,January,2010,880,16.59,39.66,29.43,14.09,0.23,0.00
Kerala,January,2010,692,14.31,30.64,42.20,11.27,1.45,0.14
Madhya Pradesh,January,2010,877,6.16,25.66,42.19,22.01,3.88,0.11
Maharashtra,January,2010,1081,11.38,36.63,38.58,11.29,1.85,0.28
Meghalaya,January,2010,29,27.59,58.62,13.79,0.00,0.00,0.00
Odisha,January,2010,844,13.63,56.99,27.96,1.42,0.00,0.00
Pondicherry,January,2010,6,50.00,50.00,0.00,0.00,0.00,0.00
Punjab,January,2010,200,4.00,21.00,25.00,39.00,11.00,0.00
Rajasthan,January,2010,796,3.64,7.54,18.97,29.27,22.36,18.22
Tamil Nadu,January,2010,656,28.20,28.05,27.13,12.50,3.66,0.46
Tripura,January,2010,29,13.79,58.62,27.59,0.00,0.00,0.00
Uttar Pradesh,January,2010,872,9.29,39.45,30.96,17.09,3.21,0.00
Uttaranchal,January,2010,52,11.54,32.69,25.00,26.92,3.85,0.00
West Bengal,January,2010,612,5.39,53.59,29.25,11.27,0.49,0.00
Andhra Pradesh,May,2010,590,12.88,32.37,36.61,17.46,0.68,0.00
Arunachal Pradesh,May,2010,12,16.67,33.33,33.33,16.67,0.00,0.00
Assam,May,2010,238,12.61,60.08,24.79,2.52,0.00,0.00
Bihar,May,2010,259,1.54,35.52,57.53,5.41,0.00,0.00
Chandigarh,May,2010,23,0.00,17.39,21.74,30.43,17.39,13.04
Chhattisgarh,May,2010,380,0.79,17.11,61.32,19.74,1.05,0.00
Dadar-Nagar-Haveli,May,2010,6,0.00,16.67,66.67,16.67,0.00,0.00
Delhi,May,2010,201,2.49,20.90,23.38,28.36,11.94,12.94
Gujarat,May,2010,756,1.72,15.21,34.39,34.13,13.10,1.46
Haryana,May,2010,203,3.94,12.32,25.62,37.93,18.72,1.48
Himachal Pradesh,May,2010,69,8.70,31.88,33.33,18.84,7.25,0.00
Jammu & Kashmir,May,2010,119,4.20,35.29,36.97,14.29,8.40,0.84
Jharkhand,May,2010,178,0.56,9.55,63.48,26.40,0.00,0.00
Karnataka,May,2010,855,5.61,29.01,41.17,23.74,0.47,0.00
Kerala,May,2010,638,9.09,29.94,44.20,15.83,0.94,0.00
Madhya Pradesh,May,2010,546,0.37,10.99,55.49,31.87,1.28,0.00
Maharashtra,May,2010,1044,3.16,15.90,45.50,29.98,4.31,1.15
Meghalaya,May,2010,31,29.03,51.61,19.35,0.00,0.00,0.00
Odisha,May,2010,840,6.55,34.29,53.81,5.36,0.00,0.00
Pondicherry,May,2010,6,16.67,83.33,0.00,0.00,0.00,0.00
Punjab,May,2010,178,1.69,19.66,26.40,35.96,15.17,1.12
Rajasthan,May,2010,769,0.65,4.55,17.95,32.90,24.97,18.99
Tamil Nadu,May,2010,719,5.84,30.46,36.86,20.86,4.87,1.11
Tripura,May,2010,29,10.34,65.52,24.14,0.00,0.00,0.00
Uttar Pradesh,May,2010,821,1.22,29.60,41.78,22.17,5.24,0.00
Uttaranchal,May,2010,42,2.38,33.33,30.95,26.19,4.76,2.38
West Bengal,May,2010,615,3.25,25.53,48.46,21.46,1.30,0.00
Andhra Pradesh,August,2010,641,38.85,31.83,21.53,7.33,0.47,0.00
Arunachal Pradesh,August,2010,10,30.00,70.00,0.00,0.00,0.00,0.00
Assam,August,2010,224,72.32,22.32,4.46,0.89,0.00,0.00
Bihar,August,2010,270,22.96,47.04,28.52,1.48,0.00,0.00
Chandigarh,August,2010,20,0.00,25.00,15.00,40.00,5.00,15.00
Chhattisgarh,August,2010,346,47.11,29.77,17.63,5.49,0.00,0.00
Dadar-Nagar-Haveli,August,2010,6,50.00,16.67,33.33,0.00,0.00,0.00
Delhi,August,2010,98,8.16,17.35,24.49,27.55,12.24,10.20
Gujarat,August,2010,721,33.43,27.74,20.67,11.79,5.13,1.25
Haryana,August,2010,305,12.46,18.36,24.26,27.54,16.07,1.31
Himachal Pradesh,August,2010,78,30.77,34.62,19.23,14.10,1.28,0.00
Jammu & Kashmir,August,2010,134,53.73,24.63,9.70,7.46,4.48,0.00
Jharkhand,August,2010,173,6.94,33.53,47.40,12.14,0.00,0.00
Karnataka,August,2010,822,25.18,36.74,27.74,10.10,0.24,0.00
Kerala,August,2010,682,26.39,34.75,31.38,6.16,1.32,0.00
Madhya Pradesh,August,2010,734,21.53,31.88,33.51,12.13,0.95,0.00
Maharashtra,August,2010,1038,40.46,34.20,16.67,7.23,1.35,0.10
Meghalaya,August,2010,27,51.85,44.44,3.70,0.00,0.00,0.00
Odisha,August,2010,830,49.28,36.02,13.49,1.20,0.00,0.00
Pondicherry,August,2010,4,0.00,100.00,0.00,0.00,0.00,0.00
Punjab,August,2010,150,10.67,20.00,25.33,27.33,16.67,0.00
Rajasthan,August,2010,820,5.49,12.07,18.78,25.61,20.37,17.68
Tamil Nadu,August,2010,647,7.73,27.20,38.79,21.17,4.02,1.08
Tripura,August,2010,28,39.29,57.14,3.57,0.00,0.00,0.00
Uttar Pradesh,August,2010,874,25.17,25.17,29.75,16.93,2.97,0.00
Uttaranchal,August,2010,54,35.19,33.33,18.52,7.41,3.70,1.85
West Bengal,August,2010,586,22.18,32.59,31.06,13.65,0.51,0.00
Andhra Pradesh,November ,2010,647,53.48,28.28,14.22,3.71,0.31,0.00
Arunachal Pradesh,November ,2010,11,18.18,63.64,18.18,0.00,0.00,0.00
Assam,November,2010,216,48.61,41.67,8.33,1.39,0.00,0.00
Bihar,November,2010,269,8.92,56.88,31.97,2.23,0.00,0.00
Chandigarh,November,2010,23,4.35,13.04,26.09,34.78,8.70,13.04
Chhattisgarh,November,2010,361,28.25,44.88,22.71,4.16,0.00,0.00
Dadar-Nagar-Haveli,November,2010,7,14.29,71.43,14.29,0.00,0.00,0.00
Delhi,November,2010,166,18.07,20.48,19.28,22.89,11.45,7.83
Gujarat,November,2010,782,20.84,31.97,27.49,12.79,5.24,1.66
Haryana,November,2010,271,18.08,20.30,20.30,28.78,11.44,1.11
Himachal Pradesh,November,2010,80,18.75,38.75,23.75,13.75,5.00,0.00
Jammu & Kashmir,November,2010,130,33.85,38.46,14.62,7.69,5.38,0.00
Jharkhand,November,2010,167,4.19,28.14,56.89,10.78,0.00,0.00
Karnataka,November,2010,861,33.91,34.03,21.25,10.69,0.12,0.00
Kerala,November,2010,680,26.47,32.65,32.79,6.91,1.18,0.00
Madhya Pradesh,November,2010,857,8.98,31.16,37.92,18.90,2.80,0.23
Maharashtra,November,2010,1024,25.29,42.97,23.24,7.13,1.17,0.20
Meghalaya,November,2010,29,44.83,51.72,3.45,0.00,0.00,0.00
Odisha,November,2010,817,41.49,43.21,14.69,0.61,0.00,0.00
Pondicherry,November,2010,6,16.67,83.33,0.00,0.00,0.00,0.00
Punjab,November,2010,201,6.97,19.90,19.40,38.31,15.42,0.00
Rajasthan,November,2010,848,4.48,14.98,21.11,22.64,19.58,17.22
Tamil Nadu,November,2010,677,20.68,31.46,28.80,15.07,3.10,0.89
Tripura,November,2010,28,25.00,71.43,3.57,0.00,0.00,0.00
Uttar Pradesh,November,2010,848,18.87,37.38,25.47,15.45,2.83,0.00
Uttaranchal,November,2010,51,21.57,35.29,23.53,15.69,3.92,0.00
West Bengal,November,2010,623,9.47,49.92,29.53,10.59,0.48,0.00
Andhra Pradesh,January,2011,642,38.32,38.01,19.16,4.36,0.16,0.00
Arunachal Pradesh,January,2011,12,8.33,66.67,25.00,0.00,0.00,0.00
Assam,January,2011,233,24.46,60.94,12.88,1.72,0.00,0.00
Bihar,January,2011,281,4.63,50.53,42.70,2.14,0.00,0.00
Chandigarh,January,2011,23,4.35,8.70,30.43,26.09,17.39,13.04
Chhattisgarh,January,2011,379,10.29,44.06,37.73,7.65,0.26,0.00
Dadar-Nagar-Haveli,January,2011,8,25.00,62.50,12.50,0.00,0.00,0.00
Delhi,January,2011,143,16.78,21.68,21.68,22.38,10.49,6.99
Goa,January,2011,44,13.64,45.45,34.09,6.82,0.00,0.00
Gujarat,January,2011,752,11.04,32.45,32.71,15.96,6.38,1.46
Haryana,January,2011,247,17.00,21.05,24.70,27.53,8.91,0.81
Himachal Pradesh,January,2011,75,20.00,32.00,26.67,18.67,2.67,0.00
Jammu & Kashmir,January,2011,131,25.95,40.46,18.32,8.40,6.87,0.00
Jharkhand,January,2011,167,2.40,25.15,58.08,14.37,0.00,0.00
Karnataka,January,2011,865,21.04,37.23,28.90,11.79,1.04,0.00
Kerala,January,2011,680,26.47,32.65,32.79,6.91,1.18,0.00
Madhya Pradesh,January,2011,858,2.33,23.89,44.87,25.06,3.61,0.23
Maharashtra,January,2011,955,12.98,43.87,34.87,7.43,0.73,0.10
Meghalaya,January,2011,8,37.50,50.00,12.50,0.00,0.00,0.00
Odisha,January,2011,809,19.78,51.67,27.44,1.11,0.00,0.00
Pondicherry,January,2011,2,0.00,100.00,0.00,0.00,0.00,0.00
Punjab,January,2011,218,5.96,16.97,23.39,37.61,16.06,0.00
Rajasthan,January,2011,849,4.48,11.78,20.38,25.68,20.38,17.31
Tamil Nadu,January,2011,568,32.57,38.20,20.95,6.69,1.23,0.35
Tripura,January,2011,29,24.14,65.52,10.34,0.00,0.00,0.00
Uttar Pradesh,January,2011,822,11.92,38.20,31.27,15.94,2.68,0.00
Uttaranchal,January,2011,50,4.00,48.00,30.00,12.00,6.00,0.00
West Bengal,January,2011,611,4.26,45.01,35.19,14.57,0.98,0.00
Andhra Pradesh,May,2011,679,12.37,36.82,36.52,13.55,0.59,0.15
Arunachal Pradesh,May,2011,12,16.67,41.67,25.00,16.67,0.00,0.00
Assam,May,2011,209,19.14,58.37,20.10,2.39,0.00,0.00
Bihar,May,2011,269,2.97,33.46,55.76,7.81,0.00,0.00
Chandigarh,May,2011,18,0.00,16.67,33.33,27.78,22.22,0.00
Chhattisgarh,May,2011,360,3.33,21.67,55.56,19.17,0.28,0.00
Dadar-Nagar-Haveli,May,2011,6,0.00,50.00,50.00,0.00,0.00,0.00
Delhi,May,2011,142,5.63,24.65,26.76,23.24,12.68,7.04
Goa,May,2011,44,6.82,45.45,31.82,13.64,2.27,0.00
Gujarat,May,2011,665,4.06,21.20,35.94,29.92,7.97,0.90
Haryana,May,2011,315,6.98,25.40,25.08,28.57,13.02,0.95
Himachal Pradesh,May,2011,77,10.39,31.17,29.87,24.68,3.90,0.00
Jammu & Kashmir,May,2011,134,12.69,50.75,20.15,8.96,7.46,0.00
Jharkhand,May,2011,180,1.11,8.89,58.89,31.11,0.00,0.00
Karnataka,May,2011,901,8.77,28.75,41.51,20.64,0.33,0.00
Kerala,May,2011,700,9.71,28.57,44.29,15.57,1.71,0.14
Madhya Pradesh,May,2011,857,0.12,8.05,42.47,44.92,4.20,0.23
Maharashtra,May,2011,812,4.93,23.65,52.09,17.36,1.60,0.37
Meghalaya,May,2011,27,14.81,77.78,7.41,0.00,0.00,0.00
Odisha,May,2011,873,9.74,41.12,44.67,4.47,0.00,0.00
Pondicherry,May,2011,7,0.00,100.00,0.00,0.00,0.00,0.00
Punjab,May,2011,193,4.15,16.58,27.46,36.27,15.54,0.00
Rajasthan,May,2011,824,1.70,6.92,21.72,29.85,21.12,18.69
Tamil Nadu,May,2011,654,9.79,39.45,34.86,12.08,2.75,1.07
Tripura,May,2011,27,11.11,59.26,29.63,0.00,0.00,0.00
Uttar Pradesh,May,2011,723,1.24,36.10,40.80,18.81,2.90,0.14
Uttaranchal,May,2011,46,0.00,41.30,32.61,26.09,0.00,0.00
West Bengal,May,2011,520,2.31,29.62,42.31,23.46,2.31,0.00
Andhra Pradesh,August,2011,706,29.18,34.42,27.34,8.64,0.28,0.14
Arunachal Pradesh,August,2011,6,50.00,50.00,0.00,0.00,0.00,0.00
Assam,August,2011,206,59.71,32.04,6.31,1.94,0.00,0.00
Bihar,August,2011,276,36.23,50.36,13.04,0.36,0.00,0.00
Chandigarh,August,2011,23,4.35,13.04,21.74,30.43,17.39,13.04
Chhattisgarh,August,2011,292,56.16,30.82,9.93,2.40,0.68,0.00
Dadar-Nagar-Haveli,August,2011,6,33.33,33.33,33.33,0.00,0.00,0.00
Delhi,August,2011,134,19.40,17.16,20.90,24.63,10.45,7.46
Goa,August,2011,41,56.10,29.27,9.76,4.88,0.00,0.00
Gujarat,August,2011,725,34.90,30.34,18.48,10.62,5.10,0.55
Haryana,August,2011,299,14.72,19.06,23.08,24.75,17.06,1.34
Himachal Pradesh,August,2011,73,30.14,41.10,15.07,12.33,1.37,0.00
Jammu & Kashmir,August,2011,128,51.56,25.78,10.94,4.69,7.03,0.00
Jharkhand,August,2011,179,35.75,38.55,25.14,0.56,0.00,0.00
Karnataka,August,2011,774,22.74,34.24,29.20,13.57,0.26,0.00
Kerala,August,2011,646,30.65,32.20,29.88,6.35,0.93,0.00
Madhya Pradesh,August,2011,951,40.48,31.34,17.77,8.10,2.10,0.21
Maharashtra,August,2011,972,33.85,33.64,24.28,7.41,0.72,0.10
Manipur,August,2011,1,100.00,0.00,0.00,0.00,0.00,0.00
Meghalaya,August,2011,27,48.15,48.15,3.70,0.00,0.00,0.00
Odisha,August,2011,846,52.60,36.88,9.93,0.59,0.00,0.00
Pondicherry,August,2011,9,0.00,44.44,0.00,44.44,11.11,0.00
Punjab,August,2011,166,10.84,18.07,22.29,28.92,19.88,0.00
Rajasthan,August,2011,863,14.02,12.40,17.50,19.70,18.42,17.96
Tamil Nadu,August,2011,969,9.18,31.48,33.54,18.16,7.64,0.00
Tripura,August,2011,29,55.17,41.38,3.45,0.00,0.00,0.00
Uttar Pradesh,August,2011,761,35.74,28.52,19.97,12.88,2.89,0.00
Uttaranchal,August,2011,50,40.00,34.00,14.00,12.00,0.00,0.00
West Bengal,August,2011,776,40.85,35.70,13.27,9.66,0.52,0.00
Andhra Pradesh,November,2011,697,26.11,36.15,27.83,9.76,0.00,0.14
Arunachal Pradesh,November,2011,11,18.18,63.64,18.18,0.00,0.00,0.00
Assam,November,2011,236,36.02,54.66,8.05,1.27,0.00,0.00
Bihar,November,2011,266,24.81,59.77,15.04,0.38,0.00,0.00
Chandigarh,November,2011,25,0.00,16.00,24.00,28.00,20.00,12.00
Chhattisgarh,November,2011,308,16.88,60.39,20.45,2.27,0.00,0.00
Dadar-Nagar-Haveli,November,2011,6,0.00,83.33,16.67,0.00,0.00,0.00
Delhi,November,2011,131,10.69,24.43,21.37,25.19,9.92,8.40
Goa,November,2011,40,15.00,42.50,37.50,5.00,0.00,0.00
Gujarat,November,2011,741,16.19,36.84,27.53,12.55,6.21,0.67
Haryana,November,2011,308,17.53,17.86,22.73,25.97,14.94,0.97
Himachal Pradesh,November,2011,78,20.51,34.62,30.77,8.97,5.13,0.00
Jammu & Kashmir,November,2011,130,30.00,43.85,14.62,6.92,4.62,0.00
Jharkhand,November,2011,167,10.78,57.49,29.94,1.80,0.00,0.00
Karnataka,November,2011,873,18.67,36.77,30.58,13.63,0.34,0.00
Kerala,November,2011,646,24.15,32.82,32.97,9.13,0.93,0.00
Madhya Pradesh,November,2011,868,10.60,44.59,32.49,9.68,2.42,0.23
Maharashtra,November,2011,1036,16.51,48.46,28.47,5.98,0.58,0.00
Manipur,November,2011,1,0.00,100.00,0.00,0.00,0.00,0.00
Meghalaya,November,2011,27,33.33,66.67,0.00,0.00,0.00,0.00
Odisha,November,2011,889,29.58,56.24,13.72,0.45,0.00,0.00
Pondicherry,November,2011,7,71.43,28.57,0.00,0.00,0.00,0.00
Punjab,November,2011,189,5.82,20.11,20.11,34.39,19.58,0.00
Rajasthan,November,2011,850,9.76,17.06,19.06,18.12,17.76,18.24
Tamil Nadu,November,2011,888,30.29,31.76,22.41,10.92,4.28,0.34
Tripura,November,2011,22,13.64,77.27,9.09,0.00,0.00,0.00
Uttar Pradesh,November,2011,802,16.33,44.89,22.07,14.21,2.49,0.00
Uttaranchal,November,2011,47,21.28,38.30,23.40,17.02,0.00,0.00
West Bengal,November,2011,786,18.58,53.31,17.30,9.92,0.89,0.00
Andhra Pradesh,January,2012,701,17.97,36.66,31.81,12.70,0.71,0.14
Arunachal Pradesh,January,2012,8,12.50,62.50,12.50,12.50,0.00,0.00
Assam,January,2012,206,17.48,64.08,17.48,0.97,0.00,0.00
Bihar,January,2012,263,11.79,63.50,24.33,0.38,0.00,0.00
Chandigarh,January,2012,16,0.00,12.50,12.50,43.75,18.75,12.50
Chhattisgarh,January,2012,349,14.90,49.00,30.37,5.44,0.29,0.00
Dadar-Nagar-Haveli,January,2012,6,0.00,50.00,33.33,16.67,0.00,0.00
Delhi,January,2012,132,10.61,24.24,22.73,23.48,10.61,8.33
Goa,January,2012,35,11.43,54.29,25.71,8.57,0.00,0.00
Gujarat,January,2012,756,8.86,29.37,35.45,17.46,8.33,0.53
Haryana,January,2012,170,10.00,11.76,18.82,31.76,25.29,2.35
Himachal Pradesh,January,2012,74,16.22,32.43,31.08,16.22,4.05,0.00
Jammu & Kashmir,January,2012,132,18.18,50.00,18.94,7.58,5.30,0.00
Jharkhand,January,2012,181,3.31,46.41,48.62,1.66,0.00,0.00
Karnataka,January,2012,889,10.01,32.06,38.92,18.79,0.22,0.00
Kerala,January,2012,679,13.84,31.22,40.35,12.81,1.77,0.00
Madhya Pradesh,January,2012,935,3.53,31.76,44.17,17.86,2.57,0.11
Maharashtra,January,2012,1070,6.82,38.32,43.27,9.91,1.50,0.19
Manipur,January,2012,2,0.00,50.00,50.00,0.00,0.00,0.00
Meghalaya,January,2012,29,20.69,65.52,13.79,0.00,0.00,0.00
Odisha,January,2012,865,13.29,53.99,31.68,1.04,0.00,0.00
Pondicherry,January,2012,9,33.33,11.11,0.00,44.44,11.11,0.00
Punjab,January,2012,184,7.61,19.02,20.11,35.87,16.85,0.54
Rajasthan,January,2012,900,5.78,13.56,22.22,20.89,19.11,18.44
Tamil Nadu,January,2012,952,32.04,32.67,20.80,9.77,4.62,0.11
Tripura,January,2012,30,20.00,53.33,26.67,0.00,0.00,0.00
Uttar Pradesh,January,2012,796,11.06,46.86,25.63,13.69,2.76,0.00
Uttaranchal,January,2012,40,5.00,45.00,30.00,17.50,2.50,0.00
West Bengal,January,2012,781,7.43,50.70,28.55,12.16,1.15,0.00
Andhra Pradesh,May,2012,736,5.03,25.27,40.35,24.86,4.48,0.00
Arunachal Pradesh,May,2012,8,12.50,62.50,12.50,12.50,0.00,0.00
Assam,May,2012,210,12.38,59.05,25.24,3.33,0.00,0.00
Bihar,May,2012,279,0.36,45.88,50.90,2.87,0.00,0.00
Chandigarh,May,2012,13,0.00,23.08,30.77,23.08,7.69,15.38
Chhattisgarh,May,2012,360,1.67,21.67,61.39,14.72,0.56,0.00
Dadar-Nagar-Haveli,May,2012,5,0.00,40.00,40.00,20.00,0.00,0.00
Delhi,May,2012,128,0.00,28.13,25.78,25.00,10.94,10.16
Goa,May,2012,43,6.98,46.51,27.91,18.60,0.00,0.00
Gujarat,May,2012,787,3.56,18.42,35.07,29.48,11.94,1.52
Haryana,May,2012,195,4.62,19.49,17.95,31.79,22.05,4.10
Himachal Pradesh,May,2012,75,6.67,29.33,36.00,24.00,4.00,0.00
Jammu & Kashmir,May,2012,141,4.96,54.61,25.53,8.51,6.38,0.00
Jharkhand,May,2012,184,0.54,9.78,69.57,20.11,0.00,0.00
Karnataka,May,2012,891,6.29,20.99,42.76,29.74,0.22,0.00
Kerala,May,2012,640,8.44,30.47,41.25,18.13,1.56,0.16
Madhya Pradesh,May,2012,932,0.54,11.48,42.81,39.81,5.26,0.11
Maharashtra,May,2012,928,3.02,14.87,55.50,24.35,2.16,0.11
Manipur,May,2012,1,0.00,0.00,100.00,0.00,0.00,0.00
Meghalaya,May,2012,28,7.14,85.71,7.14,0.00,0.00,0.00
Odisha,May,2012,743,7.27,32.97,55.45,4.31,0.00,0.00
Pondicherry,May,2012,4,25.00,75.00,0.00,0.00,0.00,0.00
Punjab,May,2012,174,4.60,16.67,27.59,29.89,21.26,0.00
Rajasthan,May,2012,856,1.87,8.53,23.48,26.75,21.50,17.87
Tamil Nadu,May,2012,914,4.81,31.84,36.87,18.38,7.33,0.77
Tripura,May,2012,27,11.11,59.26,29.63,0.00,0.00,0.00
Uttar Pradesh,May,2012,867,0.81,31.72,42.68,20.88,3.92,0.00
Uttaranchal,May,2012,40,2.50,30.00,30.00,27.50,10.00,0.00
West Bengal,May,2012,721,3.47,31.35,42.86,19.97,2.36,0.00
Andhra Pradesh,August,2012,750,26.00,30.53,28.00,13.33,2.00,0.13
Arunachal Pradesh,August,2012,8,50.00,50.00,,,,
Assam,August,2012,121,59.50,32.23,7.44,0.83,0.00,0.00
Bihar,August,2012,246,28.05,56.10,13.82,2.03,0.00,0.00
Chandigarh,August,2012,35,51.43,34.29,11.43,2.86,0.00,0.00
Chhattisgarh,August,2012,344,65.99,23.84,8.43,1.74,0.00,0.00
Dadar-Nagar-Haveli,August,2012,5,40.00,20.00,40.00,0.00,0.00,0.00
Delhi,August,2012,124,7.26,23.39,22.58,25.00,10.48,11.29
Goa,August,2012,35,51.43,34.29,11.43,2.86,0.00,0.00
Gujarat,August,2012,705,11.49,20.71,33.19,22.98,10.07,1.56
Haryana,August,2012,135,8.15,13.33,31.11,35.56,10.37,1.48
Himachal Pradesh,August,2012,74,31.08,36.49,18.92,10.81,2.70,0.00
Jammu & Kashmir,August,2012,140,49.29,30.71,8.57,5.71,5.71,0.00
Jharkhand,August,2012,153,24.18,37.25,37.25,1.31,0.00,0.00
Karnataka,August,2012,882,13.15,29.71,33.56,23.36,0.23,0.00
Kerala,August,2012,679,28.57,31.96,30.04,8.39,0.88,0.15
Madhya Pradesh,August,2012,917,38.60,34.68,15.70,7.85,2.94,0.22
Maharashtra,August,2012,1034,27.08,32.21,27.95,11.22,1.45,0.10
Meghalaya,August,2012,22,54.55,40.91,4.55,0.00,0.00,0.00
Odisha,August,2012,779,56.87,34.27,8.60,0.26,0.00,0.00
Pondicherry,August,2012,7,0.00,85.71,14.29,0.00,0.00,0.00
Punjab,August,2012,181,4.97,17.68,22.65,32.60,21.55,0.55
Rajasthan,August,2012,911,13.94,14.60,16.68,18.11,18.11,18.55
Tamil Nadu,August,2012,620,3.87,25.65,43.06,21.77,5.00,0.65
Tripura,August,2012,9,33.33,66.67,0.00,0.00,0.00,0.00
Uttar Pradesh,August,2012,857,33.61,27.19,21.47,14.94,2.80,0.00
Uttaranchal,August,2012,35,25.71,37.14,22.86,8.57,2.86,2.86
West Bengal,August,2012,581,33.22,34.60,19.28,11.53,1.38,0.00
Andhra Pradesh,November,2012,760,37.37,28.29,23.29,10.26,0.79,0.00
Arunachal Pradesh,November,2012,11,9.09,72.73,18.18,0.00,0.00,0.00
Assam,November,2012,204,48.04,42.65,7.84,1.47,0.00,0.00
Bihar,November,2012,223,17.04,61.43,20.18,1.35,0.00,0.00
Chandigarh,November,2012,19,0.00,21.05,26.32,26.32,21.05,5.26
Chhattisgarh,November,2012,438,24.20,55.25,15.98,3.88,0.68,0.00
Dadar-Nagar-Haveli,November,2012,6,16.67,66.67,16.67,0.00,0.00,0.00
Delhi,November,2012,127,5.51,23.62,26.77,25.20,7.87,11.02
Goa,November,2012,40,22.50,45.00,25.00,7.50,0.00,0.00
Gujarat,November,2012,760,7.76,27.24,31.45,22.37,10.13,1.05
Haryana,November,2012,404,9.41,19.55,19.31,30.94,17.82,2.97
Himachal Pradesh,November,2012,73,17.81,39.73,24.66,12.33,5.48,0.00
Jammu & Kashmir,November,2012,139,34.53,39.57,14.39,5.76,5.76,0.00
Jharkhand,November,2012,122,5.74,55.74,36.89,1.64,0.00,0.00
Karnataka,November,2012,872,14.79,31.08,33.37,20.64,0.11,0.00
Kerala,November,2012,663,18.10,31.83,37.86,11.01,1.21,0.00
Madhya Pradesh,November,2012,965,8.50,43.21,34.82,11.09,2.18,0.21
Maharashtra,November,2012,1107,15.00,41.46,31.62,10.66,1.17,0.09
Manipur,November,2012,1,0.00,0.00,100.00,0.00,0.00,0.00
Meghalaya,November,2012,27,40.74,55.56,3.70,0.00,0.00,0.00
Odisha,November,2012,829,37.27,49.22,12.91,0.60,0.00,0.00
Pondicherry,November,2012,4,25.00,75.00,0.00,0.00,0.00,0.00
Punjab,November,2012,247,3.24,17.00,20.24,34.01,25.10,0.40
Rajasthan,November,2012,826,8.84,19.13,20.10,17.55,17.07,17.31
Tamil Nadu,November,2012,587,22.49,28.11,32.03,16.01,1.02,0.34
Tripura,November,2012,27,11.11,59.26,29.63,0.00,0.00,0.00
Uttar Pradesh,November,2012,850,15.65,41.41,26.12,14.24,2.59,0.00
Uttaranchal,November,2012,23,26.09,30.43,39.13,4.35,0.00,0.00
West Bengal,November,2012,591,14.72,51.27,21.32,11.34,1.35,0.00
Andhra Pradesh,January ,2013,918,18.85,37.58,28.98,12.64,1.74,0.22
Arunachal Pradesh,January ,2013,11,9.09,72.73,18.18,0.00,0.00,0.00
Assam,January,2013,206,22.82,65.05,9.71,2.43,0.00,0.00
Bihar,January,2013,197,3.05,52.28,40.61,4.06,0.00,0.00
Chandigarh,January,2013,13,0.00,23.08,23.08,23.08,23.08,7.69
Chhattisgarh,January,2013,504,4.17,40.28,45.63,8.93,0.79,0.20
Dadar-Nagar-Haveli,January,2013,6,16.67,33.33,50.00,0.00,0.00,0.00
Delhi,January,2013,125,5.60,22.40,26.40,26.40,8.00,11.20
Goa,January,2013,42,11.90,47.62,26.19,14.29,0.00,0.00
Gujarat,January,2013,769,4.81,23.28,33.42,25.75,11.31,1.43
Haryana,January,2013,84,5.95,15.48,30.95,30.95,15.48,1.19
Himachal Pradesh,January,2013,71,14.08,35.21,30.99,16.90,2.82,0.00
Jammu & Kashmir,January,2013,143,26.57,41.26,19.58,6.29,6.29,0.00
Jharkhand,January,2013,132,2.27,33.33,57.58,6.82,0.00,0.00
Karnataka,January,2013,1240,9.84,24.68,41.05,24.19,0.24,0.00
Kerala,January,2013,648,12.50,30.86,41.67,13.89,1.08,0.00
Madhya Pradesh,January,2013,950,2.84,26.00,47.37,20.32,3.37,0.11
Maharashtra,January,2013,1083,6.19,31.58,46.17,14.68,1.20,0.18
Meghalaya,January,2013,29,20.69,72.41,6.90,0.00,0.00,0.00
Odisha,January,2013,886,14.33,54.63,29.46,1.58,0.00,0.00
Pondicherry,January,2013,4,25.00,75.00,0.00,0.00,0.00,0.00
Punjab,January,2013,217,5.53,16.13,21.66,34.10,22.12,0.46
Rajasthan,January,2013,883,5.66,16.08,20.95,22.08,17.33,17.89
Tamil Nadu,January,2013,612,12.58,30.56,35.29,16.99,3.92,0.65
Tripura,January,2013,24,16.67,62.50,20.83,0.00,0.00,0.00
Uttar Pradesh,January,2013,879,8.65,41.98,30.03,16.27,3.07,0.00
Uttaranchal,January,2013,45,6.67,42.22,24.44,22.22,2.22,2.22
West Bengal,January,2013,374,4.81,47.59,33.42,12.03,2.14,0.00
Andhra Pradesh,May,2013,1084,5.44,32.47,39.39,19.19,3.23,0.28
Arunachal Pradesh,May,2013,11,9.09,54.55,36.36,0.00,0.00,0.00
Assam,May,2013,203,16.26,61.58,20.20,1.97,0.00,0.00
Bihar,May,2013,185,3.78,54.59,40.54,1.08,0.00,0.00
Chandigarh,May,2013,16,0.00,12.50,31.25,31.25,25.00,0.00
Chhattisgarh,May,2013,666,2.25,20.27,57.66,17.42,2.40,0.00
Dadar-Nagar-Haveli,May,2013,5,40.00,20.00,20.00,20.00,0.00,0.00
Delhi,May,2013,124,0.81,24.19,25.81,25.00,12.90,11.29
Goa,May,2013,43,6.98,41.86,37.21,13.95,0.00,0.00
Gujarat,May,2013,732,3.42,14.75,34.84,33.88,11.75,1.37
Haryana,May,2013,317,3.79,18.61,27.76,29.97,17.98,1.89
Himachal Pradesh,May,2013,68,7.35,35.29,29.41,25.00,2.94,0.00
Jammu & Kashmir,May,2013,141,16.31,48.94,19.15,7.80,7.80,0.00
Jharkhand,May,2013,177,1.13,12.99,66.67,19.21,0.00,0.00
Karnataka,May,2013,1168,5.31,16.52,43.75,32.79,1.63,0.00
Kerala,May,2013,849,7.42,29.80,44.52,17.43,0.71,0.12
Madhya Pradesh,May,2013,1081,0.93,12.95,44.50,36.26,5.09,0.28
Maharashtra,May,2013,1004,4.48,16.43,49.80,26.20,2.99,0.10
Meghalaya,May,2013,26,11.54,80.77,7.69,0.00,0.00,0.00
Manipur,May,2013,1,0.00,100.00,0.00,0.00,0.00,0.00
Nagaland,May,2013,12,0.00,41.67,41.67,8.33,8.33,0.00
Odisha,May,2013,1035,6.28,40.29,48.70,4.73,0.00,0.00
Puducherry,May,2013,7,14.29,71.43,14.29,0.00,0.00,0.00
Punjab,May,2013,227,4.41,14.10,24.67,33.48,22.91,0.44
Rajasthan,May,2013,869,1.61,9.44,21.63,28.42,19.91,18.99
Tamil Nadu,May,2013,464,3.88,25.65,41.16,26.72,2.59,0.00
Tripura,May,2013,30,10.00,50.00,40.00,0.00,0.00,0.00
Uttar Pradesh,May,2013,779,1.93,34.27,42.49,17.84,3.47,0.00
Uttaranchal,May,2013,48,0.00,39.58,22.92,29.17,6.25,2.08
West Bengal,May,2013,1120,2.59,26.34,41.16,25.54,4.38,0.00
Andhra Pradesh,August,2013,480,31.67,30.63,21.88,12.08,3.54,0.21
Arunachal Pradesh,August,2013,11,54.55,45.45,0.00,0.00,0.00,0.00
Assam,August,2013,179,61.45,29.61,7.82,1.12,0.00,0.00
Bihar,August,2013,350,28.86,54.86,15.14,1.14,0.00,0.00
Chandigarh,August,2013,16,6.25,18.75,18.75,37.50,18.75,0.00
Chhattisgarh,August,2013,748,54.14,31.42,9.49,4.55,0.40,0.00
Dadar-Nagar-Haveli,August,2013,6,50.00,16.67,33.33,0.00,0.00,0.00
Delhi,August,2013,124,18.55,13.71,21.77,22.58,12.10,11.29
Goa,August,2013,41,48.78,36.59,9.76,4.88,0.00,0.00
Gujarat,August,2013,684,26.46,32.46,22.66,13.16,4.82,0.44
Haryana,August,2013,125,12.80,12.80,29.60,30.40,12.80,1.60
Himachal Pradesh,August,2013,95,38.95,36.84,9.47,10.53,4.21,0.00
Jammu & Kashmir,August,2013,194,63.92,21.13,6.70,4.64,3.61,0.00
Jharkhand,August,2013,158,22.15,40.51,32.91,4.43,0.00,0.00
Karnataka,August,2013,1219,22.40,32.40,29.94,14.19,1.07,0.00
Kerala,August,2013,937,25.61,32.34,34.69,6.40,0.64,0.21
Madhya Pradesh,August,2013,1121,56.74,28.19,10.53,3.75,0.71,0.09
Maharashtra,August,2013,1294,42.43,31.53,17.77,6.96,1.24,0.08
Meghalaya,August,2013,18,61.11,38.89,0.00,0.00,0.00,0.00
Odisha,August,2013,1185,52.32,40.17,7.43,0.08,0.00,0.00
Puducherry,August,2013,4,25.00,75.00,0.00,0.00,0.00,0.00
Punjab,August,2013,222,10.36,13.96,21.17,31.08,22.52,0.90
Rajasthan,August,2013,929,17.76,12.70,15.29,17.44,17.22,19.59
Tamil Nadu,August,2013,589,7.13,24.62,36.33,26.32,4.75,0.85
Tripura,August,2013,28,50.00,42.86,7.14,0.00,0.00,0.00
Uttar Pradesh,August,2013,855,36.73,27.84,20.23,12.87,2.34,0.00
Uttaranchal,August,2013,47,23.40,31.91,27.66,12.77,2.13,2.13
West Bengal,August,2013,1014,28.30,38.76,19.13,12.23,1.58,0.00
Andhra Pradesh,November,2013,1142,49.74,29.33,16.20,4.12,0.61,0.00
Arunachal Pradesh,November,2013,7,14.29,57.14,28.57,0.00,0.00,0.00
Assam,November,2013,188,39.89,50.00,9.04,1.06,0.00,0.00
Bihar,November,2013,372,23.39,63.17,12.90,0.54,0.00,0.00
Chandigarh,November,2013,16,0.00,25.00,12.50,37.50,25.00,0.00
Chhattisgarh,November,2013,775,15.48,54.06,23.23,6.32,0.77,0.13
Dadar-Nagar-Haveli,November,2013,6,33.33,50.00,16.67,0.00,0.00,0.00
Delhi,November,2013,119,10.92,19.33,26.89,23.53,8.40,10.92
Goa,November,2013,71,22.54,40.85,29.58,7.04,0.00,0.00
Gujarat,November,2013,772,20.73,35.88,27.20,11.14,4.66,0.39
Haryana,November,2013,405,11.85,18.77,19.26,26.17,20.49,3.46
Himachal Pradesh,November,2013,98,20.41,39.80,22.45,13.27,4.08,0.00
Jammu & Kashmir,November,2013,234,34.19,44.44,12.39,5.98,2.99,0.00
Jharkhand,November,2013,172,27.91,55.23,15.12,1.74,0.00,0.00
Karnataka,November,2013,1215,24.20,32.59,31.19,11.60,0.41,0.00
Kerala,November,2013,1061,23.09,31.39,35.16,9.05,0.57,0.09
Madhya Pradesh,November,2013,1203,16.04,47.80,27.35,6.65,2.00,0.17
Maharashtra,November,2013,1372,22.45,45.99,23.83,6.56,1.09,0.07
Meghalaya,November,2013,7,71.43,28.57,0.00,0.00,0.00,0.00
Odisha,November,2013,1213,48.23,46.33,5.28,0.16,0.00,0.00
Puducherry,November,2013,4,25.00,75.00,0.00,0.00,0.00,0.00
Punjab,November,2013,255,7.06,17.25,20.78,31.37,23.53,0.00
Rajasthan,November,2013,907,11.58,17.75,16.87,18.30,15.66,19.85
Tamil Nadu,November,2013,550,12.91,26.18,32.55,20.55,6.00,1.82
Tripura,November,2013,29,27.59,62.07,10.34,0.00,0.00,0.00
Uttar Pradesh,November,2013,866,20.90,38.91,23.67,14.20,2.31,0.00
Uttarakhand,November,2013,38,23.68,39.47,15.79,18.42,2.63,0.00
West Bengal,November,2013,1030,27.57,41.36,21.84,8.64,0.58,0.00
Andhra Pradesh,January,2014,1311,27.08,42.11,23.34,6.94,0.53,0.00
Arunachal Pradesh,January,2014,12,8.33,50.00,33.33,8.33,0.00,0.00
Assam,January,2014,196,18.37,66.33,14.80,0.51,0.00,0.00
Bihar,January,2014,380,12.37,65.00,21.58,1.05,0.00,0.00
Chandigarh,January,2014,16,0.00,25.00,12.50,31.25,31.25,0.00
Chhattisgarh,January,2014,816,4.66,47.18,38.60,7.72,1.72,0.12
Dadar-Nagar-Haveli,January,2014,6,16.67,33.33,50.00,0.00,0.00,0.00
Delhi,January,2014,120,8.33,20.00,26.67,24.17,10.00,10.83
Goa,January,2014,46,10.87,47.83,30.43,10.87,0.00,0.00
Gujarat,January,2014,684,9.94,32.75,28.80,20.61,7.02,0.88
Haryana,January,2014,101,5.94,21.78,21.78,30.69,15.84,3.96
Himachal Pradesh,January,2014,90,16.67,40.00,18.89,17.78,6.67,0.00
Jammu & Kashmir,January,2014,206,26.70,47.57,15.05,6.31,4.37,0.00
Jharkhand,January,2014,231,6.06,48.48,41.13,4.33,0.00,0.00
Karnataka,January,2014,1191,12.34,34.42,36.78,16.04,0.42,0.00
Kerala,January,2014,1180,11.27,32.37,42.88,12.80,1.10,0.08
Madhya Pradesh,January,2014,1315,6.77,39.09,38.56,14.30,1.14,0.15
Maharashtra,January,2014,1478,9.95,41.61,35.66,11.03,1.62,0.14
Meghalaya,January,2014,11,36.36,63.64,0.00,0.00,0.00,0.00
Nagaland,January,2014,15,6.67,60.00,13.33,13.33,6.67,0.00
Odisha,January,2014,1199,20.43,64.47,14.76,0.33,0.00,0.00
Puducherry,January,2014,4,25.00,75.00,0.00,0.00,0.00,0.00
Punjab,January,2014,251,7.97,15.94,20.72,33.86,21.51,0.00
Rajasthan,January,2014,943,6.57,17.29,20.57,18.35,17.29,19.94
Tamil Nadu,January,2014,628,12.26,29.78,32.96,20.06,4.62,0.32
Tripura,January,2014,29,17.24,62.07,20.69,0.00,0.00,0.00
Uttar Pradesh,January,2014,897,18.84,40.58,24.53,13.49,2.56,0.00
Uttaranchal,January,2014,23,4.35,13.04,47.83,30.43,4.35,0.00
West Bengal,January,2014,1012,8.70,48.12,27.77,13.74,1.68,0.00
Andaman and Nicobar Islands,May,2014,108,24,71,4,1,0,0.00
Andhra Pradesh,May,2014,740,16.35,45.00,30.81,7.16,0.68,0.00
Arunachal Pradesh,May,2014,13,7.69,61.54,15.38,15.38,0.00,0.00
Assam,May,2014,164,14.63,62.20,21.34,1.83,0.00,0.00
Bihar,May,2014,367,3.81,51.23,41.42,3.54,0.00,0.00
Chandigarh,May,2014,16,0.00,25.00,18.75,25.00,25.00,6.25
Chhattisgarh,May,2014,557,4.13,22.44,52.06,18.67,2.15,0.54
Dadar-Nagar-Haveli,May,2014,10,0.00,30.00,60.00,10.00,0.00,0.00
Daman & Diu,May,2014,12,0.00,33.33,58.33,8.33,0.00,0.00
Delhi,May,2014,116,3.45,24.14,27.59,22.41,12.07,10.34
Goa,May,2014,77,9.09,36.36,38.96,15.58,0.00,0.00
Gujarat,May,2014,779,2.70,21.31,34.79,28.88,10.78,1.54
Haryana,May,2014,351,6.55,21.94,21.08,29.06,18.23,3.13
Himachal Pradesh,May,2014,105,10.48,40.00,24.76,22.86,1.90,0.00
Karnataka,May,2014,1384,8.67,25.43,39.38,25.36,1.16,0.00
Kerala,May,2014,1105,9.32,29.23,42.99,17.01,1.36,0.09
Madhya Pradesh,May,2014,1322,1.06,20.42,49.39,25.57,3.40,0.15
Maharashtra,May,2014,1339,3.73,26.81,49.44,17.85,2.02,0.15
Meghalaya,May,2014,20,10.00,65.00,25.00,0.00,0.00,0.00
Nagaland,May,2014,7,0.00,28.57,57.14,14.29,0.00,0.00
Odisha,May,2014,1324,8.01,45.02,45.02,1.96,0.00,0.00
Pondicherry,May,2014,4,25.00,50.00,25.00,0.00,0.00,0.00
Punjab,May,2014,568,4.40,14.26,23.59,35.92,21.48,0.35
Rajasthan,May,2014,862,1.39,8.70,25.17,26.80,18.21,19.72
Tamil Nadu,May,2014,641,5.46,21.22,39.00,25.27,7.18,1.87
Telangana,May,2014,543,3.87,29.47,41.99,21.55,2.95,0.18
Tripura,May,2014,18,11.11,38.89,50.00,0.00,0.00,0.00
Uttar Pradesh,May,2014,928,2.26,38.90,37.93,17.56,3.34,0.00
Uttaranchal,May,2014,37,0.00,35.14,35.14,18.92,8.11,2.70
West Bengal,May,2014,954,4.19,28.51,41.40,21.80,4.09,0.00
Andhra Pradesh,August,2014,764,32.85,35.47,23.04,7.85,0.79,0.00
Arunachal Pradesh,August,2014,4,100.00,0.00,0.00,0.00,0.00,0.00
Assam,August,2014,146,77.40,16.44,4.79,1.37,0.00,0.00
Bihar,August,2014,388,47.16,45.36,6.44,1.03,0.00,0.00
Chandigarh,August,2014,14,0.00,28.57,7.14,21.43,28.57,14.29
Chhattisgarh,August,2014,604,55.96,32.78,7.95,2.98,0.33,0.00
Dadar-Nagar-Haveli,August,2014,11,63.64,27.27,9.09,0.00,0.00,0.00
Delhi,August,2014,118,6.78,18.64,25.42,24.58,14.41,10.17
Goa,August,2014,79,37.97,37.97,17.72,6.33,0.00,0.00
Gujarat,August,2014,615,25.37,30.08,26.18,13.01,4.88,0.49
Haryana,August,2014,114,7.02,22.81,28.95,23.68,14.04,3.51
Himachal Pradesh,August,2014,100,29.00,40.00,14.00,13.00,4.00,0.00
Jammu & Kashmir,August,2014,238,34.03,42.86,15.13,4.20,3.78,0.00
Jharkhand,August,2014,238,29.83,50.00,18.91,1.26,0.00,0.00
Karnataka,August,2014,1396,20.85,34.31,30.37,13.54,0.93,0.00
Kerala,August,2014,1295,28.26,36.22,28.88,6.18,0.39,0.08
Madhya Pradesh,August,2014,1328,28.31,37.27,24.40,8.28,1.58,0.08
Maharashtra,August,2014,1431,30.33,31.66,25.86,10.76,1.33,0.07
Meghalaya,August,2014,6,83.33,16.67,0.00,0.00,0.00,0.00
Odisha,August,2014,1343,67.98,28.97,2.98,0.07,0.00,0.00
Pondicherry,August,2014,7,14.29,71.43,14.29,0.00,0.00,0.00
Punjab,August,2014,219,6.85,17.81,21.00,28.31,26.03,0.00
Rajasthan,August,2014,943,6.57,17.29,20.57,18.35,17.29,19.94
Tamil Nadu,August,2014,584,4.79,22.60,39.38,25.68,5.48,2.05
Telangana,August,2014,544,12.87,30.33,36.58,16.36,3.68,0.18
Tripura,August,2014,28,53.57,42.86,3.57,0.00,0.00,0.00
Uttar Pradesh,August,2014,861,21.14,34.49,26.48,15.21,2.67,0.00
Uttaranchal,August,2014,44,18.18,34.09,31.82,9.09,6.82,0.00
West Bengal,August,2014,971,32.34,36.35,15.45,13.18,2.68,0.00
Andaman and Nicobar Islands,November,2014,103,73.79,26.21,0.00,0.00,0.00,0.00
Andhra Pradesh,November,2014,801,40.20,33.96,18.98,6.62,0.25,0.00
Arunachal Pradesh,November,2014,12,16.67,58.33,25,0.00,0.00,0.00
Assam,November,2014,171,31.58,60.82,6.43,1.17,0.00,0.00
Bihar,November,2014,388,24.48,59.54,15.21,0.77,0.00,0.00
Chandigarh,November,2014,14,0.00,21.43,21.43,35.71,21.43,0.00
Chhattisgarh,November,2014,620,25.00,53.55,17.42,4.03,0.00,0.00
Dadar-Nagar-Haveli,November,2014,12,8.33,58.33,33.33,0.00,0.00,0.00
Daman & Diu,November,2014,8,12.50,62.50,25.00,0.00,0.00,0.00
Delhi,November,2014,116,2.59,23.28,25.86,24.14,15.52,8.62
Goa,November,2014,44,29.55,45.45,15.91,9.09,0.00,0.00
Gujarat,November,2014,773,12.55,35.32,31.31,15.39,5.17,0.26
Haryana,November,2014,347,7.20,20.46,23.05,27.38,17.58,4.32
Himachal Pradesh,November,2014,89,24.72,35.96,17.98,16.85,4.49,0.00
Jammu & Kashmir,November,2014,233,30.04,48.50,12.88,6.01,2.58,0.00
Jharkhand,November,2014,243,6.58,53.50,38.27,1.65,0.00,0.00
Karnataka,November,2014,1387,25.74,36.91,27.04,9.81,0.50,0.00
Kerala,November,2014,1320,19.09,33.26,38.48,8.56,0.53,0.08
Madhya Pradesh,November,2014,1341,7.68,36.84,37.81,14.91,2.61,0.07
Maharashtra,November,2014,1480,12.97,43.51,30.81,10.95,1.62,0.14
Meghalaya,November,2014,14,42.86,42.86,14.29,0.00,0.00,0.00
Nagaland,November,2014,10,40.00,50.00,0.00,10.00,0.00,0.00
Odisha,November,2014,1344,42.63,50.37,6.85,0.15,0.00,0.00
Pondicherry,November,2014,4,50.00,25.00,25.00,0.00,0.00,0.00
Punjab,November,2014,248,5.65,18.15,20.56,30.24,25.40,0.00
Rajasthan,November,2014,897,8.58,18.17,20.51,18.17,16.61,17.95
Tamil Nadu,November,2014,458,18.34,33.62,27.73,17.69,2.18,0.44
Telangana,November,2014,577,9.88,29.81,38.47,19.06,2.60,0.17
Tripura,November,2014,28,28.57,64.29,7.14,0.00,0.00,0.00
Uttar Pradesh,November,2014,839,14.06,37.66,28.13,16.81,3.34,0.00
Uttaranchal,November,2014,43,9.30,39.53,34.88,16.28,0.00,0.00
West Bengal,November,2014,940,14.68,47.66,21.91,13.94,1.81,0.00
Andhra Pradesh,January,2015,797,27.35,43.66,21.46,7.40,0.13,0.00
Arunachal Pradesh,January,2015,13,7.69,61.54,23.08,7.69,0.00,0.00
Assam,January,2015,186,13.98,69.89,14.52,1.61,0.00,0.00
Bihar,January,2015,477,11.53,66.25,21.38,0.84,0.00,0.00
Chandigarh,January,2015,15,0.00,33.33,13.33,20.00,26.67,6.67
Chhattisgarh,January,2015,610,5.41,33.93,49.84,9.51,1.15,0.16
Dadar-Nagar-Haveli,January,2015,12,8.33,50.00,41.67,0.00,0.00,0.00
Daman & Diu,January,2015,8,0.00,75.00,25.00,0.00,0.00,0.00
Delhi,January,2015,119,8.40,18.49,26.05,23.53,15.97,7.56
Goa,January,2015,70,20.00,44.29,27.14,8.57,0.00,0.00
Gujarat,January,2015,790,5.82,26.71,34.30,25.06,7.47,0.63
Haryana,January,2015,95,5.26,26.32,31.58,25.26,11.58,0.00
Himachal Pradesh,January,2015,88,17.05,35.23,21.59,19.32,6.82,0.00
Jammu & Kashmir,January,2015,196,21.94,52.04,17.35,4.08,4.59,0.00
Jharkhand,January,2015,230,3.04,32.61,60.87,3.48,0.00,0.00
Karnataka,January,2015,1462,14.43,36.11,34.68,14.02,0.75,0.00
Kerala,January,2015,1396,12.89,30.59,42.69,12.97,0.79,0.07
Madhya Pradesh,January,2015,1271,6.77,29.74,43.59,17.39,2.36,0.16
Maharashtra,January,2015,1523,9.39,35.26,39.99,13.53,1.64,0.20
Meghalaya,January,2015,15,13.33,73.33,13.33,0.00,0.00,0.00
Nagaland,January,2015,7,0.00,57.14,42.86,0.00,0.00,0.00
Odisha,January,2015,1373,15.08,66.35,17.99,0.58,0.00,0.00
Pondicherry,January,2015,6,50.00,50.00,0.00,0.00,0.00,0.00
Punjab,January,2015,652,4.29,15.03,21.01,34.51,24.85,0.31
Rajasthan,January,2015,875,5.94,16.34,22.63,20.23,17.03,17.83
Tamil Nadu,January,2015,597,18.59,32.33,27.14,17.09,3.52,1.34
Telangana,January,2015,579,5.18,26.77,39.21,25.39,3.45,0.00
Tripura,January,2015,27,25.93,59.26,14.81,0.00,0.00,0.00
Uttar Pradesh,January,2015,653,9.65,41.19,31.39,15.01,2.76,0.00
Uttaranchal,January,2015,47,8.51,38.30,27.66,23.40,2.13,0.00
West Bengal,January,2015,936,6.30,38.78,33.33,18.38,3.21,0.00
Andaman and Nicobar Islands,May,2015,86,47.67,45.35,5.81,1.16,0.00,0.00
Andhra Pradesh,May,2015,787,13.34,41.04,33.04,11.82,0.51,0.25
Arunachal Pradesh,May,2015,13,7.69,38.46,38.46,15.38,0.00,0.00
Assam,May,2015,191,10.47,63.87,23.56,2.09,0.00,0.00
Bihar,May,2015,580,1.55,50.17,44.66,3.62,0.00,0.00
Chandigarh,May,2015,11,0.00,18.18,18.18,36.36,27.27,0.00
Chhattisgarh,May,2015,567,4.41,26.10,50.79,17.28,1.23,0.18
Dadar-Nagar-Haveli,May,2015,12,0.00,16.67,50.00,33.33,0.00,0.00
Daman & Diu,May,2015,7,0.00,28.57,57.14,14.29,0.00,0.00
Delhi,May,2015,114,2.63,21.05,26.32,26.32,14.91,8.77
Goa,May,2015,41,7.32,46.34,34.15,12.20,0.00,0.00
Gujarat,May,2015,794,2.27,19.02,34.38,33.00,10.71,0.63
Haryana,May,2015,325,6.15,19.08,25.23,29.85,16.31,3.38
Himachal Pradesh,May,2015,87,13.79,42.53,14.94,22.99,5.75,0.00
Jammu & Kashmir,May,2015,222,31.08,44.59,16.22,4.50,3.60,0.00
Jharkhand,May,2015,151,0.66,15.23,68.87,15.23,0.00,0.00
Karnataka,May,2015,1442,10.40,27.25,40.22,20.94,1.18,0.00
Kerala,May,2015,1417,8.33,28.72,45.73,16.23,0.92,0.07
Madhya Pradesh,May,2015,1362,1.47,14.68,46.18,32.16,4.48,1.03
Maharashtra,May,2015,1534,3.00,18.90,49.67,26.21,2.02,0.20
Meghalaya,May,2015,17,11.76,76.47,11.76,0.00,0.00,0.00
Nagaland,May,2015,10,0.00,20.00,60.00,10.00,10.00,0.00
Odisha,May,2015,1254,10.21,37.88,50.48,1.44,0.00,0.00
Pondicherry,May,2015,4,0.00,75.00,25.00,0.00,0.00,0.00
Punjab,May,2015,686,2.48,14.43,21.87,34.55,26.68,0.00
Rajasthan,May,2015,827,3.26,11.49,22.85,25.39,17.78,19.23
Tamil Nadu,May,2015,593,10.96,29.34,36.42,18.04,4.22,1.01
Telangana,May,2015,563,2.31,15.45,41.74,35.17,4.97,0.36
Tripura,May,2015,28,14.29,60.71,25.00,0.00,0.00,0.00
Uttar Pradesh,May,2015,754,4.11,34.35,39.52,19.10,2.92,0.00
Uttaranchal,May,2015,37,0.00,43.24,21.62,32.43,2.70,0.00
West Bengal,May,2015,894,5.03,29.75,39.37,22.60,3.24,0.00
Andhra Pradesh,August,2015,785,33.25,30.19,24.33,11.72,0.38,0.13
Arunachal Pradesh,August,2015,11,81.82,18.18,0.00,0.00,0.00,0.00
Assam,August,2015,176,74.43,21.02,2.84,1.70,0.00,0.00
Bihar,August,2015,595,28.57,52.10,18.66,0.67,0.00,0.00
Chandigarh,August,2015,11,0.00,27.27,9.09,45.45,18.18,0.00
Chhattisgarh,August,2015,574,45.47,36.59,12.72,5.05,0.17,0.00
Dadar-Nagar-Haveli,August,2015,16,50.00,37.50,12.50,0.00,0.00,0.00
Delhi,August,2015,114,14.91,14.04,21.93,25.44,15.79,7.89
Goa,August,2015,69,34.78,36.23,24.64,4.35,0.00,0.00
Gujarat,August,2015,788,13.96,26.65,32.36,19.92,6.98,0.13
Haryana,August,2015,77,14.29,22.08,20.78,24.68,14.29,3.90
Himachal Pradesh,August,2015,98,34.69,36.73,11.22,14.29,3.06,0.00
Jammu & Kashmir,August,2015,226,49.12,33.19,9.73,5.75,2.21,0.00
Jharkhand,August,2015,256,23.44,57.03,17.58,1.95,0.00,0.00
Karnataka,August,2015,1413,15.71,32.48,38.36,13.09,0.35,0.00
Kerala,August,2015,1441,21.37,34.35,35.39,8.33,0.56,0.00
Madhya Pradesh,August,2015,1342,20.42,40.46,29.06,8.87,1.19,0.00
Maharashtra,August,2015,1532,24.28,28.13,29.83,15.27,2.28,0.20
Meghalaya,August,2015,18,50.00,44.44,5.56,0.00,0.00,0.00
Odisha,August,2015,1315,54.60,38.63,6.54,0.23,0.00,0.00
Pondicherry,August,2015,4,50.00,25.00,25.00,0.00,0.00,0.00
Punjab,August,2015,210,5.71,18.57,22.38,26.67,26.19,0.48
Rajasthan,August,2015,891,15.26,16.84,16.61,17.17,15.94,18.18
Tamil Nadu,August,2015,565,8.67,25.13,42.12,19.12,3.72,1.24
Telangana,August,2015,608,10.36,25.33,32.07,24.18,7.40,0.66
Tripura,August,2015,28,57.14,42.86,0.00,0.00,0.00,0.00
Uttar Pradesh,August,2015,821,17.05,32.76,32.28,15.23,2.68,0.00
Uttaranchal,August,2015,46,17.39,26.09,34.78,17.39,4.35,0.00
West Bengal,August,2015,962,39.60,30.04,14.76,13.41,2.18,0.00
Andaman and Nicobar Islands,November,2015,106,85.85,14.15,0.00,0.00,0.00,0.00
Andhra Pradesh,November,2015,762,37.40,34.12,21.52,6.69,0.13,0.13
Arunachal Pradesh,November,2015,14,14.29,64.29,21.43,0.00,0.00,0.00
Assam,November,2015,182,41.76,50.00,6.59,1.65,0.00,0.00
Bihar,November,2015,619,8.89,59.77,29.24,2.10,0.00,0.00
Chandigarh,November,2015,11,0.00,27.27,18.18,45.45,9.09,0.00
Chhattisgarh,November,2015,510,16.86,48.63,27.65,6.86,0.00,0.00
Dadar-Nagar-Haveli,November,2015,15,26.67,46.67,26.67,0.00,0.00,0.00
Daman & Diu,November,2015,13,23.08,69.23,7.69,0.00,0.00,0.00
Delhi,November,2015,116,6.90,18.10,24.14,26.72,15.52,8.62
Goa,November,2015,69,24.64,39.13,27.54,8.70,0.00,0.00
Gujarat,November,2015,853,10.32,27.08,33.53,22.27,6.57,0.23
Haryana,November,2015,683,10.40,18.59,22.11,24.74,20.64,3.51
Himachal Pradesh,November,2015,95,18.95,44.21,16.84,16.84,3.16,0.00
Jammu & Kashmir,November,2015,220,27.73,49.55,13.64,6.36,2.73,0.00
Jharkhand,November,2015,239,2.51,44.35,49.79,3.35,0.00,0.00
Karnataka,November,2015,1466,20.80,32.33,33.29,12.62,0.89,0.07
Kerala,November,2015,1454,21.73,32.67,36.66,8.46,0.48,0.00
Madhya Pradesh,November,2015,1355,6.42,32.92,40.37,17.93,2.36,0.00
Maharashtra,November,2015,1593,13.75,37.85,31.95,14.25,2.07,0.13
Meghalaya,November,2015,15,40.00,46.67,13.33,0.00,0.00,0.00
Odisha,November,2015,1316,23.02,61.85,14.74,0.38,0.00,0.00
Pondicherry,November,2015,7,71.43,28.57,0.00,0.00,0.00,0.00
Punjab,November,2015,633,3.48,12.80,20.85,30.17,32.70,0.00
Rajasthan,November,2015,900,5.78,18.22,20.22,20.11,16.33,19.33
Tamil Nadu,November,2015,597,33.50,25.63,25.46,11.73,2.85,0.84
Telangana,November,2015,599,7.35,25.38,35.39,26.04,5.18,0.67
Tripura,November,2015,28,57.14,42.86,0.00,0.00,0.00,0.00
Uttar Pradesh,November,2015,826,7.02,33.54,36.20,20.46,2.78,0.00
Uttaranchal,November,2015,41,19.51,36.59,34.15,9.76,0.00,0.00
West Bengal,November,2015,983,9.16,45.37,24.82,16.79,3.87,0.00
Andhra Pradesh,January,2016,775,28.26,43.10,22.19,6.06,0.26,0.13
Arunachal Pradesh,January,2016,14,7.14,57.14,28.57,7.14,0.00,0.00
Assam,January,2016,197,21.83,64.47,11.17,2.54,0.00,0.00
Bihar,January,2016,604,3.48,55.13,39.24,2.15,0.00,0.00
Chandigarh,January,2016,14,0.00,21.43,28.57,21.43,28.57,0.00
Chhattisgarh,January,2016,586,1.71,31.23,52.39,13.82,0.68,0.17
Dadar-Nagar-Haveli,January,2016,16,0.00,62.50,37.50,0.00,0.00,0.00
Daman & Diu,January,2016,13,0.00,46.15,53.85,0.00,0.00,0.00
Delhi,January,2016,115,6.09,18.26,25.22,26.96,15.65,7.83
Goa,January,2016,68,13.24,44.12,30.88,11.76,0.00,0.00
Gujarat,January,2016,874,4.46,24.49,35.13,27.23,8.24,0.46
Haryana,January,2016,106,9.43,22.64,30.19,24.53,11.32,1.89
Himachal Pradesh,January,2016,95,9.47,46.32,21.05,18.95,4.21,0.00
Jharkhand,January,2016,219,0.46,30.14,62.56,6.85,0.00,0.00
Jammu & Kashmir,January,2016,205,20.98,51.22,18.54,5.85,3.41,0.00
Karnataka,January,2016,1392,11.71,33.48,39.58,14.08,1.15,0.00
Kerala,January,2016,1439,12.93,29.95,44.54,11.81,0.76,0.00
Madhya Pradesh,January,2016,1348,2.82,19.66,43.62,28.64,5.27,0.00
Maharashtra,January,2016,1633,6.12,27.01,40.97,22.84,2.94,0.12
Meghalaya,January,2016,18,33.33,50.00,16.67,0.00,0.00,0.00
Nagaland,January,2016,10,0.00,60.00,40.00,0.00,0.00,0.00
Odisha,January,2016,1267,13.50,60.69,24.78,1.03,0.00,0.00
Pondicherry,January,2016,7,57.14,42.86,0.00,0.00,0.00,0.00
Punjab,January,2016,247,5.26,17.81,21.86,29.15,25.91,0.00
Rajasthan,January,2016,892,3.92,14.35,21.86,23.43,17.49,18.95
Tamil Nadu,January,2016,461,31.24,33.41,26.03,5.21,2.82,1.30
Telangana,January,2016,590,3.39,20.17,37.29,31.36,7.12,0.68
Tripura,January,2016,18,16.67,61.11,22.22,0.00,0.00,0.00
Uttar Pradesh,January,2016,778,3.21,32.52,40.10,20.95,3.21,0.00
Uttaranchal,January,2016,45,8.89,35.56,24.44,26.67,4.44,0.00
West Bengal,January,2016,928,5.06,36.10,33.73,21.23,3.88,0.00
Andaman and Nicobar Islands,May,2016,93,37,58,4.3,1.1,0,0
Andhra Pradesh,May,2016,775,10.58,42.97,33.9,11.74,0.65,0.13
Arunachal Pradesh,May,2016,15,13.33,53.33,20.00,13.33,0.00,0.00
Assam,May,2016,187,13.90,58.82,24.06,3.21,0.00,0.00
Bihar,May,2016,623,1.28,37.40,56.66,4.65,0.00,0.00
Chandigarh,May,2016,12,0.00,16.67,33.33,25.00,25.00,0.00
Chhattisgarh,May,2016,623,1.28,15.25,54.25,25.84,3.05,0.32
Dadar-Nagar-Haveli,May,2016,16,0.00,18.75,43.75,37.50,0.00,0.00
Daman & Diu,May,2016,12,0.00,8.33,83.33,8.33,0.00,0.00
Delhi,May,2016,116,1.72,20.69,25.86,26.72,16.38,8.62
Goa,May,2016,71,0.00,40.85,47.89,11.27,0.00,0.00
Gujarat,May,2016,822,2.55,14.96,33.70,37.47,10.22,1.09
Haryana,May,2016,939,3.19,19.38,20.87,25.67,24.17,6.71
Himachal Pradesh,May,2016,96,5.21,39.58,27.08,19.79,8.33,0.00
Jammu & Kashmir,May,2016,225,12.89,52.44,23.56,6.67,4.44,0.00
Jharkhand,May,2016,230,0.00,11.30,73.91,14.78,0.00,0.00
Karnataka,May,2016,1409,5.11,20.79,44.50,27.47,1.92,0.21
Kerala,May,2016,1308,7.11,27.91,46.25,17.43,1.30,0.00
Madhya Pradesh,May,2016,1360,0.44,10.51,45.37,37.35,5.44,0.88
Maharashtra,May,2016,1581,1.96,13.22,45.03,35.36,4.05,0.38
Meghalaya,May,2016,17,17.65,70.59,11.76,0.00,0.00,0.00
Nagaland,May,2016,17,0.00,35.29,52.94,11.76,0.00,0.00
Odisha,May,2016,1114,7.36,38.15,50.72,3.77,0.00,0.00
Pondicherry,May,2016,6,16.67,83.33,0.00,0.00,0.00,0.00
Punjab,May,2016,726,2.62,11.16,21.49,32.64,30.99,1.10
Rajasthan,May,2016,859,1.51,8.73,22.82,29.57,18.28,19.09
Tamil Nadu,May,2016,591,9.48,32.66,39.26,15.23,2.88,0.51
Telangana,May,2016,399,1.25,10.53,36.09,38.10,12.03,2.01
Tripura,May,2016,28,32.14,42.86,25.00,0.00,0.00,0.00
Uttar Pradesh,May,2016,635,1.26,25.20,47.40,22.99,3.15,0.00
Uttaranchal,May,2016,44,2.27,38.64,27.27,29.55,2.27,0.00
West Bengal,May,2016,907,3.75,23.93,39.91,27.23,5.18,0.00
Andhra Pradesh,August,2016,784,30.10,35.46,26.0,7.27,0.77,0.38
Arunachal Pradesh,August,2016,10,60.00,30.00,10.00,0.00,0.00,0.00
Assam,August,2016,154,57.79,35.71,5.19,1.30,0.00,0.00
Bihar,August,2016,578,32.70,52.42,14.53,0.35,0.00,0.00
Chandigarh,August,2016,13,0.00,23.08,15.38,30.77,30.77,0.00
Chhattisgarh,August,2016,623,34.51,46.39,14.77,3.85,0.48,0.00
Dadar-Nagar-Haveli,August,2016,16,62.50,25.00,12.50,0.00,0.00,0.00
Daman & Diu,August,2016,13,53.85,38.46,7.69,0.00,0.00,0.00
Delhi,August,2016,113,12.39,15.04,23.01,23.89,16.81,8.85
Goa,August,2016,58,41.38,37.93,18.97,1.72,0.00,0.00
Gujarat,August,2016,858,17.83,31.70,26.69,17.72,5.48,0.58
Haryana,August,2016,126,10.32,21.43,30.95,23.81,11.11,2.38
Himachal Pradesh,August,2016,99,30.30,39.39,13.13,11.11,6.06,0.00
Jammu & Kashmir,August,2016,228,42.11,38.60,12.28,3.95,3.07,0.00
Jharkhand,August,2016,226,33.19,47.79,17.70,1.33,0.00,0.00
Karnataka,August,2016,1409,19.02,35.27,31.87,12.85,0.99,0.00
Kerala,August,2016,1454,20.15,31.02,39.00,9.08,0.76,0.00
Madhya Pradesh,August,2016,1337,41.96,35.68,15.03,5.68,1.57,0.07
Maharashtra,August,2016,1615,28.85,34.06,25.82,9.60,1.49,0.19
Meghalaya,August,2016,19,42.11,57.89,0.00,0.00,0.00,0.00
Nagaland,August,2016,15,26.67,60.00,0.00,6.67,6.67,0.00
Odisha,August,2016,1265,52.73,39.45,7.59,0.24,0.00,0.00
Pondicherry,August,2016,6,16.67,66.67,16.67,0.00,0.00,0.00
Punjab,August,2016,240,6.67,20.00,21.25,26.67,25.00,0.42
Rajasthan,August,2016,926,20.19,14.69,14.79,16.95,16.41,16.95
Tamil Nadu,August,2016,614,5.21,29.48,42.51,18.08,3.09,1.63
Telangana,August,2016,605,13.39,26.45,30.91,20.17,7.77,1.32
Tripura,August,2016,25,52.00,44.00,4.00,0.00,0.00,0.00
Uttar Pradesh,August,2016,776,25.90,28.87,25.90,16.75,2.32,0.26
Uttarakhand,August,2016,34,17.65,38.24,29.41,8.82,2.94,2.94
Andaman and Nicobar Islands,November,2016,107,85.05,14.02,0.9,0.00,0.00,0.00
Andhra Pradesh,November,2016,775,33.81,37.29,21.2,6.97,0.52,0.39
Arunachal Pradesh,November,2016,10,20.00,50.00,30.00,0.00,0.00,0.00
Assam,November,2016,165,32.73,56.36,8.48,2.42,0.00,0.00
Bihar,November,2016,588,18.03,66.50,14.63,0.85,0.00,0.00
Chandigarh,November,2016,9,0.00,11.11,44.44,22.22,22.22,0.00
Chhattisgarh,November,2016,599,11.02,57.93,25.21,5.68,0.17,0.00
Dadar-Nagar-Haveli,November,2016,16,43.75,43.75,12.50,0.00,0.00,0.00
Daman & Diu,November,2016,12,25.00,50.00,25.00,0.00,0.00,0.00
Delhi,November,2016,113,6.19,17.70,24.78,25.66,16.81,8.85
Goa,November,2016,69,27.54,37.68,27.54,7.25,0.00,0.00
Gujarat,November,2016,852,11.38,31.57,32.51,19.25,4.81,0.47
Haryana,November,2016,310,10.97,18.06,23.55,25.16,18.71,3.55
Himachal Pradesh,November,2016,99,19.19,35.35,25.25,14.14,6.06,0.00
Jammu & Kashmir,November,2016,229,25.33,47.16,20.09,3.93,3.49,0.00
Jharkhand,November,2016,218,8.26,59.63,29.82,2.29,0.00,0.00
Karnataka,November,2016,1429,13.44,31.91,38.07,15.68,0.91,0.00
Kerala,November,2016,1416,14.83,28.74,42.44,13.28,0.71,0.00
Madhya Pradesh,November,2016,1344,11.01,42.19,34.52,9.90,2.38,0.00
Maharashtra,November,2016,1656,20.83,44.26,26.03,7.49,1.27,0.12
Meghalaya,November,2016,18,38.89,61.11,0.00,0.00,0.00,0.00
Odisha,November,2016,1219,25.68,61.85,12.14,0.33,0.00,0.00
Pondicherry,November,2016,4,50.00,25.00,25.00,0.00,0.00,0.00
Punjab,November,2016,784,2.68,12.88,20.28,28.57,34.31,1.28
Rajasthan,November,2016,926,13.82,16.09,16.41,19.22,16.09,18.36
Tamil Nadu,November,2016,593,8.09,25.30,36.93,24.62,4.05,1.01
Telangana,November,2016,611,18.33,38.95,24.71,12.93,4.58,0.33
Tripura,November,2016,25,44.00,52.00,4.00,0.00,0.00,0.00
Uttar Pradesh,November,2016,812,16.87,34.61,28.69,16.50,3.08,0.25
Uttarakhand,November,2016,47,4.26,38.30,38.30,14.89,4.26,0.00
West Bengal,November,2016,511,20.16,50.10,18.00,10.57,1.17,0.00
Andhra Pradesh,January,2017,777,20.98,43.37,26.6,7.85,0.77,0.39
Arunachal Pradesh,January,2017,14,14.29,42.86,35.71,7.14,0.00,0.00
Assam,January,2017,183,14.75,65.03,17.49,2.73,0.00,0.00
Bihar,January,2017,626,9.74,62.78,26.52,0.96,0.00,0.00
Chandigarh,January,2017,12,0.00,25.00,16.67,25.00,25.00,8.33
Chhattisgarh,January,2017,658,2.58,36.32,50.30,8.97,1.67,0.15
Dadar-Nagar-Haveli,January,2017,13,7.69,61.54,30.77,0.00,0.00,0.00
Daman & Diu,January,2017,11,9.09,45.45,45.45,0.00,0.00,0.00
Delhi,January,2017,108,7.41,16.67,24.07,26.85,15.74,9.26
Goa,January,2017,60,15.00,41.67,35.00,8.33,0.00,0.00
Gujarat,January,2017,833,5.88,25.33,37.94,23.05,7.32,0.48
Haryana,January,2017,240,2.50,10.83,17.50,24.58,31.67,12.92
Himachal Pradesh,January,2017,88,18.18,40.91,21.59,12.50,6.82,0.00
Jammu & Kashmir,January,2017,231,17.75,47.19,25.11,6.06,3.90,0.00
Jharkhand,January,2017,158,3.80,43.67,46.84,5.70,0.00,0.00
Karnataka,January,2017,1426,7.43,28.68,41.02,21.67,1.19,0.00
Kerala,January,2017,1465,8.12,28.74,44.37,16.93,1.84,0.00
Madhya Pradesh,January,2017,1332,3.53,27.55,44.89,20.95,2.78,0.30
Maharashtra,January,2017,1665,8.05,38.26,39.88,12.19,1.50,0.12
Meghalaya,January,2017,6,33.33,66.67,0.00,0.00,0.00,0.00
Nagaland,January,2017,4,25.00,50.00,25.00,0.00,0.00,0.00
Odisha,January,2017,1175,11.23,62.04,25.45,1.28,0.00,0.00
Pondicherry,January,2017,4,25.00,50.00,25.00,0.00,0.00,0.00
Punjab,January,2017,777,2.06,12.23,23.29,28.44,33.08,0.90
Rajasthan,January,2017,1002,12.57,14.17,17.66,18.36,16.57,20.66
Tamil Nadu,January,2017,619,5.17,25.69,37.64,26.01,4.04,1.45
Telangana,January,2017,599,7.68,34.72,35.56,17.20,4.01,0.83
Tripura,January,2017,9,33.33,44.44,22.22,0.00,0.00,0.00
Uttar Pradesh,January,2017,790,6.33,38.48,34.18,17.47,3.42,0.13
Uttarakhand,January,2017,38,5.26,36.84,26.32,28.95,2.63,0.00
West Bengal,January,2017,653,6.58,47.47,30.78,12.40,2.76,0.00
Andaman and Nicobar Islands,May,2017,81,47,47,6.2,0.0,0,0
Andhra Pradesh,May,2017,751,6.13,37.02,40.6,15.31,0.53,0.40
Arunachal Pradesh,May,2017,12,25.00,41.67,16.67,16.67,0.00,0.00
Assam,May,2017,165,13.33,60.00,25.45,1.21,0.00,0.00
Bihar,May,2017,660,2.88,46.21,46.82,4.09,0.00,0.00
Chandigarh,May,2017,10,0.00,20.00,30.00,20.00,20.00,10.00
Chhattisgarh,May,2017,634,1.89,19.24,55.05,19.87,3.47,0.47
Dadar-Nagar-Haveli,May,2017,18,0.00,16.67,50.00,33.33,0.00,0.00
Daman & Diu,May,2017,12,0.00,16.67,75.00,8.33,0.00,0.00
Delhi,May,2017,94,2.13,18.09,22.34,25.53,18.09,13.83
Goa,May,2017,65,15.38,44.62,32.31,7.69,0.00,0.00
Gujarat,May,2017,802,2.74,15.21,33.67,35.91,11.60,0.87
Haryana,May,2017,304,3.95,21.38,26.97,25.33,18.75,3.62
Himachal Pradesh,May,2017,90,7.78,35.56,33.33,17.78,5.56,0.00
Jammu & Kashmir,May,2017,230,8.70,53.04,24.78,9.13,4.35,0.00
Jharkhand,May,2017,227,0.88,9.69,70.04,19.38,0.00,0.00
Karnataka,May,2017,1439,4.59,18.97,43.09,31.55,1.81,0.00
Kerala,May,2017,1396,5.73,28.22,42.41,21.56,1.93,0.14
Madhya Pradesh,May,2017,1355,0.44,12.10,49.23,33.36,4.80,0.07
Maharashtra,May,2017,1663,3.43,15.94,47.02,30.07,3.43,0.12
Meghalaya,May,2017,21,19.05,71.43,9.52,0.00,0.00,0.00
Nagaland,May,2017,3,0.00,66.67,33.33,0.00,0.00,0.00
Odisha,May,2017,1317,7.44,34.47,53.99,4.10,0.00,0.00
Pondicherry,May,2017,5,0.00,80.00,20.00,0.00,0.00,0.00
Punjab,May,2017,236,3.39,14.41,26.69,28.39,25.85,1.27
Rajasthan,May,2017,903,1.66,11.96,23.92,24.81,18.38,19.27
Tamil Nadu,May,2017,540,2.22,18.15,38.89,33.15,6.11,1.48
Telangana,May,2017,596,1.68,17.79,42.11,29.19,7.38,1.85
Tripura,May,2017,28,25.00,42.86,32.14,0.00,0.00,0.00
Uttar Pradesh,May,2017,659,1.97,27.01,45.37,21.85,3.64,0.15
Uttarakhand,May,2017,47,4.26,23.40,42.55,25.53,4.26,0.00
West Bengal,May,2017,715,4.62,29.51,42.80,19.58,3.50,0.00
Andhra Pradesh,August,2017,745,31,31,26,11,1,0
Arunachal Pradesh,August,2017,14,57,43,0,0,0,0
Assam,August,2017,159,47,37,13,3,0,0
Bihar,August,2017,652,38,50,11,0,0,0
Chandigarh,August,2017,12,0,25,17,25,25,8
Chhattisgarh,August,2017,697,32,50,15,3,0,0
Dadar-Nagar-Haveli,August,2017,19,58,32,11,0,0,0
Daman & Diu,August,2017,12,33,50,17,0,0,0
Delhi,August,2017,92,8,16,24,27,15,10
Goa,August,2017,53,53,34,11,2,0,0
Gujarat,August,2017,689,25,35,25,10,4,1
Haryana,August,2017,94,13,22,28,21,13,3
Himachal Pradesh,August,2017,81,36,43,10,6,5,0
Jammu & Kashmir,August,2017,216,48,33,13,3,4,0
Jharkhand,August,2017,212,31,54,13,1,0,0
Karnataka,August,2017,1393,16,29,34,20,1,0
Kerala,August,2017,1444,27,32,33,8,1,0
Madhya Pradesh,August,2017,1346,21,34,32,11,2,0
Maharashtra,August,2017,1646,25,32,29,12,2,0
Meghalaya,August,2017,21,52,48,0,0,0,0
Odisha,August,2017,1312,56,36,8,0,0,0
Pondicherry,August,2017,3,0,100,0,0,0,0
Punjab,August,2017,250,6,18,22,24,28,2
Rajasthan,August,2017,915,16,17,17,16,16,18
Tamil Nadu,August,2017,529,5,19,39,28,6,2
Telangana,August,2017,582,16,27,32,20,5,1
Tripura,August,2017,24,54,38,8,0,0,0
Uttar Pradesh,August,2017,762,21,31,28,17,2,0
Uttarakhand,August,2017,41,17,27,49,5,2,0
West Bengal,August,2017,518,41,32,14,10,2,0
Andaman and Nicobar Islands,November,2017,97,90.72,8.25,1.0,0.00,0.00,0.00
Andhra Pradesh,November,2017,751,40.08,36.22,18.4,4.66,0.67,0.00
Arunachal Pradesh,November,2017,14,50.00,28.57,21.43,0.00,0.00,0.00
Assam,November,2017,171,46.20,43.86,8.19,1.75,0.00,0.00
Bihar,November,2017,633,16.59,62.40,20.70,0.32,0.00,0.00
Chandigarh,November,2017,11,0.00,27.27,9.09,27.27,27.27,9.09
Chhattisgarh,November,2017,707,10.18,57.57,26.87,4.53,0.85,0.00
Dadar-Nagar-Haveli,November,2017,18,11.11,72.22,16.67,0.00,0.00,0.00
Daman & Diu,November,2017,12,8.33,58.33,33.33,0.00,0.00,0.00
Delhi,November,2017,84,7.14,17.86,22.62,28.57,14.29,9.52
Goa,November,2017,65,23.08,44.62,26.15,6.15,0.00,0.00
Gujarat,November,2017,725,12.41,37.38,30.48,15.03,4.14,0.55
Haryana,November,2017,297,11.78,18.52,22.22,26.94,17.51,3.03
Himachal Pradesh,November,2017,98,17.35,41.84,22.45,13.27,5.10,0.00
Jammu & Kashmir,November,2017,258,21.71,53.10,16.67,5.43,2.71,0.00
Jharkhand,November,2017,238,11.34,61.34,25.21,2.10,0.00,0.00
Karnataka,November,2017,1400,22.57,36.14,29.29,11.07,0.93,0.00
Kerala,November,2017,1449,20.01,33.06,36.85,9.25,0.69,0.14
Madhya Pradesh,November,2017,1353,7.10,33.04,40.35,17.29,2.22,0.00
Maharashtra,November,2017,1681,17.55,41.28,29.39,10.11,1.55,0.12
Meghalaya,November,2017,18,33.33,66.67,0.00,0.00,0.00,0.00
Nagaland,November,2017,3,33.33,66.67,0.00,0.00,0.00,0.00
Odisha,November,2017,1321,49.58,40.80,9.31,0.30,0.00,0.00
Pondicherry,November,2017,3,33.33,66.67,0.00,0.00,0.00,0.00
Punjab,November,2017,253,5.14,19.76,22.92,25.30,25.69,1.19
Rajasthan,November,2017,999,13.81,16.72,18.02,15.72,16.72,19.02
Tamil Nadu,November,2017,582,13.75,29.90,34.02,17.01,3.95,1.37
Telangana,November,2017,582,16.49,38.32,27.49,13.92,3.26,0.52
Tripura,November,2017,25,52.00,44.00,4.00,0.00,0.00,0.00
Uttar Pradesh,November,2017,760,13.95,32.76,31.97,18.29,2.89,0.13
Uttarakhand,November,2017,55,12.73,34.55,36.36,9.09,5.45,1.82
West Bengal,November,2017,725,25.24,48.41,15.86,9.24,1.24,0.00
Andhra Pradesh,January,2018,740,25.14,46.89,21.4,5.68,0.68,2
Arunachal Pradesh,January,2018,13,15.38,38.46,38.46,7.69,0.00,0
Assam,January,2018,153,22.88,62.75,13.07,1.31,0.00,0
Bihar,January,2018,693,5.19,63.06,30.01,1.73,0.00,0
Chandigarh,January,2018,7,0.00,42.86,0.00,28.57,28.57,0
Chhattisgarh,January,2018,693,2.45,38.38,48.92,8.08,2.16,0
Dadar-Nagar-Haveli,January,2018,18,0.00,72.22,27.78,0.00,0.00,0
Daman & Diu,January,2018,12,8.33,66.67,25.00,0.00,0.00,0
Delhi,January,2018,82,8.54,14.63,28.05,23.17,15.85,8
Goa,January,2018,70,10.00,47.14,35.71,7.14,0.00,0
Gujarat,January,2018,757,10.04,28.53,35.27,19.68,5.81,0.66
Haryana,January,2018,254,5.12,22.44,21.65,28.35,18.90,3.54
Himachal Pradesh,January,2018,91,15.38,40.66,25.27,15.38,3.30,0.00
Jammu & Kashmir,January,2018,222,19.37,50.00,19.82,6.76,4.05,0.00
Jharkhand,January,2018,231,3.46,35.50,54.55,6.49,0.00,0.00
Karnataka,January,2018,1386,11.90,34.49,37.45,15.15,1.01,0.00
Kerala,January,2018,1438,10.92,30.04,43.46,14.53,0.90,0.14
Madhya Pradesh,January,2018,1365,2.49,22.42,46.08,25.79,3.22,0.00
Maharashtra,January,2018,1661,7.34,32.69,41.30,16.56,2.05,0.06
Meghalaya,January,2018,17,23.53,76.47,0.00,0.00,0.00,0.00
Odisha,January,2018,1287,21.76,54.62,22.14,1.48,0.00,0.00
Pondicherry,January,2018,4,25.00,50.00,25.00,0.00,0.00,0.00
Punjab,January,2018,207,6.28,20.29,23.19,22.71,25.60,1.93
Rajasthan,January,2018,1000,4.70,16.70,22.10,19.30,17.40,19.80
Tamil Nadu,January,2018,592,13.34,33.61,33.61,15.03,2.87,1.52
Telangana,January,2018,598,6.69,32.11,37.12,20.23,3.51,0.33
Tripura,January,2018,21,38.10,52.38,9.52,0.00,0.00,0.00
Uttar Pradesh,January,2018,745,5.77,35.30,37.45,17.99,3.36,0.13
Uttarakhand,January,2018,20,10.00,40.00,40.00,10.00,0.00,0.00
West Bengal,January,2018,693,6.49,47.47,27.42,14.86,3.75,0.00
Andaman and Nicobar Islands,May,2018,104,81,17,1.9,0.0,0,0
Andhra Pradesh,May,2018,718,8.22,44.43,34.8,11.56,0.70,0.28
Arunachal Pradesh,May,2018,8,0.00,62.50,12.50,25.00,0.00,0.00
Assam,May,2018,155,22.58,58.71,16.13,2.58,0.00,0.00
Bihar,May,2018,642,1.87,40.03,52.18,5.92,0.00,0.00
Chandigarh,May,2018,9,0.00,11.11,22.22,33.33,22.22,11.11
Chhattisgarh,May,2018,490,1.63,18.16,61.63,16.94,1.63,0.00
Dadar-Nagar-Haveli,May,2018,17,0.00,29.41,47.06,23.53,0.00,0.00
Daman & Diu,May,2018,10,0.00,20.00,70.00,10.00,0.00,0.00
Delhi,May,2018,82,1.22,19.51,19.51,29.27,19.51,10.98
Goa,May,2018,70,8.57,41.43,37.14,12.86,0.00,0.00
Gujarat,May,2018,758,1.98,16.75,33.51,34.83,12.14,0.79
Haryana,May,2018,284,2.82,19.01,27.11,27.46,20.07,3.52
Himachal Pradesh,May,2018,86,6.98,38.37,31.40,19.77,3.49,0.00
Jammu & Kashmir,May,2018,252,7.14,44.44,33.33,11.11,3.97,0.00
Jharkhand,May,2018,260,1.54,15.77,68.85,13.85,0.00,0.00
Karnataka,May,2018,1343,10.42,26.28,40.21,21.89,1.19,0.00
Kerala,May,2018,1441,6.66,29.42,43.51,18.53,1.67,0.21
Madhya Pradesh,May,2018,1330,1.20,10.83,44.14,39.47,4.29,0.08
Maharashtra,May,2018,1646,4.43,17.13,46.66,28.13,3.46,0.18
Meghalaya,May,2018,22,9.09,81.82,9.09,0.00,0.00,0.00
Odisha,May,2018,1261,11.26,42.82,42.82,3.09,0.00,0.00
Pondicherry,May,2018,5,0.00,100.00,0.00,0.00,0.00,0.00
Punjab,May,2018,225,4.00,15.11,22.22,27.11,30.22,1.33
Rajasthan,May,2018,994,2.11,10.46,22.54,25.86,18.81,20.22
Tamil Nadu,May,2018,529,5.29,26.09,40.26,22.31,3.59,2.46
Telangana,May,2018,575,3.83,18.26,39.65,30.09,7.13,1.04
Tripura,May,2018,25,28.00,48.00,24.00,0.00,0.00,0.00
Uttar Pradesh,May,2018,567,1.06,25.93,45.50,23.10,4.41,0.00
Uttaranchal,May,2018,31,0.00,29.03,35.48,22.58,6.45,6.45
West Bengal,May,2018,652,8.28,35.58,36.35,16.26,3.53,0.00
Andhra Pradesh,August,2018,722,35.5,30.2,23.3,10.1,1.0,0.0
Arunachal Pradesh,August,2018,11,18.2,54.5,27.3,0.0,0.0,0.0
Assam,August,2018,150,62.7,31.3,4.0,2.0,0.0,0.0
Bihar,August,2018,655,26.4,51.1,21.7,0.8,0.0,0.0
Chandigarh,August,2018,12,0.0,33.3,0.0,33.3,25.0,8.3
Chhattisgarh,August,2018,690,50.9,37.7,10.0,1.3,0.0,0.1
Dadar-Nagar-Haveli,August,2018,17,52.9,29.4,17.6,0.0,0.0,0.0
Daman & Diu,August,2018,9,55.6,22.2,22.2,0.0,0.0,0.0
Delhi,August,2018,80,12.5,6.3,25.0,26.3,18.8,11.3
Goa,August,2018,67,44.8,37.3,14.9,3.0,0.0,0.0
Gujarat,August,2018,712,24.6,30.6,26.7,13.5,4.1,0.6
Haryana,August,2018,267,10.9,17.6,22.5,26.2,19.1,3.7
Himachal Pradesh,August,2018,88,37.5,36.4,10.2,10.2,5.7,0.0
Jammu & Kashmir,August,2018,196,45.9,33.2,13.8,5.1,2.0,0.0
Jharkhand,August,2018,253,32.4,42.3,24.1,1.2,0.0,0.0
Karnataka,August,2018,1136,23.3,36.8,27.8,11.2,0.9,0.0
Kerala,August,2018,1413,24.2,33.1,35.7,6.7,0.4,0.1
Madhya Pradesh,August,2018,1309,32.9,30.3,25.2,10.5,1.0,0.0
Maharashtra,August,2018,1636,31.1,33.6,23.4,10.1,1.7,0.2
Meghalaya,August,2018,21,38.1,61.9,0.0,0.0,0.0,0.0
Odisha,August,2018,1241,74.5,21.8,3.5,0.2,0.0,0.0
Pondicherry,August,2018,4,0.0,100.0,0.0,0.0,0.0,0.0
Punjab,August,2018,223,4.9,19.7,18.8,23.8,30.0,2.7
Rajasthan,August,2018,1033,12.8,13.2,18.6,17.9,18.1,19.5
Tamil Nadu,August,2018,508,6.7,22.6,43.1,22.6,3.7,1.2
Telangana,August,2018,555,26.5,21.3,24.0,21.3,6.1,0.9
Tripura,August,2018,25,56.0,36.0,8.0,0.0,0.0,0.0
Uttar Pradesh,August,2018,712,30.1,25.3,25.1,16.9,2.5,0.1
Uttaranchal,August,2018,47,23.4,23.4,21.3,17.0,8.5,6.4
West Bengal,August,2018,660,37.9,33.9,15.9,9.5,2.7,0.0
Andaman and Nicobar Islands,November,2018,102,89.22,9.80,1.0,0.00,0.00,0.00
Andhra Pradesh,November,2018,730,30.00,35.07,23.6,10.55,0.68,0.14
Arunachal Pradesh,November,2018,10,10.00,50.00,40.00,0.00,0.00,0.00
Assam,November,2018,177,36.16,51.98,9.60,2.26,0.00,0.00
Bihar,November,2018,654,11.77,57.34,27.98,2.91,0.00,0.00
Chandigarh,November,2018,8,0.00,37.50,0.00,25.00,37.50,0.00
Chhattisgarh,November,2018,599,3.17,60.93,31.89,3.34,0.67,0.00
Dadar-Nagar-Haveli,November,2018,17,11.76,52.94,29.41,5.88,0.00,0.00
Daman & Diu,November,2018,11,45.45,36.36,18.18,0.00,0.00,0.00
Delhi,November,2018,83,2.41,20.48,24.10,26.51,16.87,9.64
Goa,November,2018,30,16.67,46.67,26.67,10.00,0.00,0.00
Gujarat,November,2018,755,15.23,23.44,32.05,20.79,7.68,0.79
Haryana,November,2018,315,11.75,16.51,22.22,28.25,16.19,5.08
Himachal Pradesh,November,2018,103,29.13,34.95,18.45,13.59,3.88,0.00
Jammu & Kashmir,November,2018,187,20.32,55.08,18.72,4.28,1.60,0.00
Jharkhand,November,2018,281,7.47,51.60,38.08,2.85,0.00,0.00
Karnataka,November,2018,1380,15.94,34.93,36.16,11.96,1.01,0.00
Kerala,November,2018,1462,17.99,30.44,41.18,9.64,0.75,0.00
Madhya Pradesh,November,2018,1331,5.56,29.68,42.90,19.23,2.55,0.08
Maharashtra,November,2018,1659,10.85,34.42,35.32,17.00,2.35,0.06
Meghalaya,November,2018,23,43.48,56.52,0.00,0.00,0.00,0.00
Nagaland,November,2018,3,33.33,66.67,0.00,0.00,0.00,0.00
Odisha,November,2018,1290,32.56,54.11,12.79,0.54,0.00,0.00
Pondicherry,November,2018,4,75.00,25.00,0.00,0.00,0.00,0.00
Punjab,November,2018,261,6.13,18.01,19.54,24.52,30.65,1.15
Rajasthan,November,2018,1034,4.16,14.51,22.05,20.99,18.18,20.12
Tamil Nadu,November,2018,562,17.08,28.11,33.63,15.48,3.91,1.78
Telangana,November,2018,567,10.58,30.86,29.98,19.93,7.23,1.41
Tripura,November,2018,21,38.10,57.14,4.76,0.00,0.00,0.00
Uttar Pradesh,November,2018,737,12.89,39.21,27.54,16.96,3.26,0.14
Uttarakhand,November,2018,47,14.89,36.17,25.53,10.64,8.51,4.26
West Bengal,November,2018,722,10.53,50.28,23.13,13.43,2.63,0.00
Andhra Pradesh,January,2019,724,22.65,39.36,26.1,10.91,0.83,0.14
Arunachal Pradesh,January,2019,11,9.09,36.36,45.45,9.09,0.00,0.00
Assam,January,2019,165,24.24,64.24,9.09,2.42,0.00,0.00
Bihar,January,2019,635,3.94,50.08,43.31,2.68,0.00,0.00
Chandigarh,January,2019,13,0.00,23.08,15.38,23.08,23.08,15.38
Chhattisgarh,January,2019,548,2.55,39.42,50.73,6.75,0.55,0.00
Dadar-Nagar-Haveli,January,2019,15,6.67,33.33,53.33,6.67,0.00,0.00
Daman & Diu,January,2019,13,0.00,38.46,61.54,0.00,0.00,0.00
Delhi,January,2019,83,9.64,14.46,22.89,26.51,16.87,9.64
Goa,January,2019,71,7.04,47.89,36.62,8.45,0.00,0.00
Gujarat,January,2019,731,5.34,22.30,37.35,24.76,9.58,0.68
Haryana,January,2019,302,9.27,18.21,21.19,25.83,21.85,3.64
Himachal Pradesh,January,2019,99,22.22,34.34,22.22,17.17,4.04,0.00
Jammu & Kashmir,January,2019,199,23.62,42.21,25.63,5.03,3.52,0.00
Jharkhand,January,2019,220,5.00,30.45,61.36,3.18,0.00,0.00
Karnataka,January,2019,1174,8.26,33.05,45.49,12.95,0.26,0.00
Kerala,January,2019,1467,11.11,29.72,44.31,13.97,0.82,0.07
Madhya Pradesh,January,2019,1301,3.00,25.29,43.50,25.29,2.77,0.15
Maharashtra,January,2019,1691,6.68,25.72,42.99,21.64,2.72,0.24
Meghalaya,January,2019,23,17.39,78.26,4.35,0.00,0.00,0.00
Nagaland,January,2019,3,33.33,66.67,0.00,0.00,0.00,0.00
Odisha,January,2019,1282,17.78,59.59,21.76,0.86,0.00,0.00
Pondicherry,January,2019,6,50.00,33.33,16.67,0.00,0.00,0.00
Punjab,January,2019,506,2.37,14.62,19.37,26.28,35.97,1.38
Rajasthan,January,2019,1028,4.77,12.16,20.62,21.79,20.14,20.53
Tamil Nadu,January,2019,715,13.71,27.13,35.94,19.16,2.94,1.12
Telangana,January,2019,575,6.09,26.96,32.17,25.74,8.00,1.04
Tripura,January,2019,20,30.00,50.00,20.00,0.00,0.00,0.00
Uttar Pradesh,January,2019,721,6.66,37.31,34.95,17.61,3.19,0.28
Uttarakhand,January,2019,45,15.56,33.33,26.67,11.11,8.89,4.44
West Bengal,January,2019,677,8.27,40.62,32.05,14.03,5.02,0.00
